dt_s,variance,noise,evidence_level,omega,marginal,joint_k2,joint_k8,joint_k8_sd,amplitude_k2,amplitude_k8
0.2,sf85,white,SYNTHETIC_EXTRAPOLATION,0.0,0.8984745833333332,0.8074116666666667,0.42608833333333335,0.010019716882718138,0.0009333333333333416,0.10660166666666676
0.2,sf85,white,SYNTHETIC_EXTRAPOLATION,0.25,0.8985268750000001,0.8069966666666667,0.43243833333333337,0.010086149156233348,0.0009333333333333416,0.10660166666666676
0.2,sf85,white,SYNTHETIC_EXTRAPOLATION,0.5,0.8984595833333333,0.8071383333333333,0.45142333333333334,0.009903144011198295,0.0009333333333333416,0.10660166666666676
0.2,sf85,white,SYNTHETIC_EXTRAPOLATION,0.75,0.8984774999999999,0.8072616666666668,0.4842633333333333,0.011154395367450462,0.0009333333333333416,0.10660166666666676
0.2,sf85,white,SYNTHETIC_EXTRAPOLATION,1.0,0.8986272916666667,0.80793,0.5326900000000001,0.011419590463008085,0.0009333333333333416,0.10660166666666676
0.2,sf85,gaussian_ma1,SYNTHETIC_EXTRAPOLATION,0.0,0.8983897916666668,0.8067650000000001,0.42505499999999996,0.009389504190569576,0.0009683333333333488,0.10741999999999996
0.2,sf85,gaussian_ma1,SYNTHETIC_EXTRAPOLATION,0.25,0.8985124999999999,0.8070116666666667,0.43234,0.009576455400918674,0.0009683333333333488,0.10741999999999996
0.2,sf85,gaussian_ma1,SYNTHETIC_EXTRAPOLATION,0.5,0.8985447916666667,0.8074983333333333,0.4519233333333334,0.0109107188395009,0.0009683333333333488,0.10741999999999996
0.2,sf85,gaussian_ma1,SYNTHETIC_EXTRAPOLATION,0.75,0.8985893750000001,0.8077333333333334,0.4845466666666667,0.01132466118104371,0.0009683333333333488,0.10741999999999996
0.2,sf85,gaussian_ma1,SYNTHETIC_EXTRAPOLATION,1.0,0.8986172916666666,0.8075666666666668,0.5324749999999999,0.011407748476063642,0.0009683333333333488,0.10741999999999996
0.2,sf85,uniform_ma1,SYNTHETIC_EXTRAPOLATION,0.0,0.8983652083333333,0.8069233333333332,0.42495,0.009066400010858532,0.0017399999999999638,0.10844000000000004
0.2,sf85,uniform_ma1,SYNTHETIC_EXTRAPOLATION,0.25,0.8982891666666667,0.8064766666666666,0.43054499999999996,0.010327316425139055,0.0017399999999999638,0.10844000000000004
0.2,sf85,uniform_ma1,SYNTHETIC_EXTRAPOLATION,0.5,0.8984929166666666,0.807345,0.4519083333333333,0.010496173959274933,0.0017399999999999638,0.10844000000000004
0.2,sf85,uniform_ma1,SYNTHETIC_EXTRAPOLATION,0.75,0.8986031250000001,0.8077199999999999,0.4852283333333333,0.011241502901881967,0.0017399999999999638,0.10844000000000004
0.2,sf85,uniform_ma1,SYNTHETIC_EXTRAPOLATION,1.0,0.8986558333333334,0.8082166666666666,0.53339,0.011323431973984673,0.0017399999999999638,0.10844000000000004
0.2,cert,white,SYNTHETIC_EXTRAPOLATION,0.0,0.8981929166666666,0.8060583333333333,0.424085,0.01254259064638707,0.0014566666666666617,0.14964500000000008
0.2,cert,white,SYNTHETIC_EXTRAPOLATION,0.25,0.8982775000000001,0.8066433333333333,0.4335016666666667,0.012481767719550053,0.0014566666666666617,0.14964500000000008
0.2,cert,white,SYNTHETIC_EXTRAPOLATION,0.5,0.8983347916666666,0.8073133333333334,0.4596700000000001,0.013311203997778092,0.0014566666666666617,0.14964500000000008
0.2,cert,white,SYNTHETIC_EXTRAPOLATION,0.75,0.8984752083333334,0.807515,0.504675,0.01418854601709722,0.0014566666666666617,0.14964500000000008
0.2,cert,white,SYNTHETIC_EXTRAPOLATION,1.0,0.8984687499999999,0.8075,0.5737300000000001,0.012946541719325242,0.0014566666666666617,0.14964500000000008
0.2,cert,gaussian_ma1,SYNTHETIC_EXTRAPOLATION,0.0,0.89815875,0.80637,0.42388833333333337,0.012497561012751584,0.001203333333333334,0.15009999999999996
0.2,cert,gaussian_ma1,SYNTHETIC_EXTRAPOLATION,0.25,0.8982989583333334,0.8065333333333333,0.4336266666666667,0.012432399451188127,0.001203333333333334,0.15009999999999996
0.2,cert,gaussian_ma1,SYNTHETIC_EXTRAPOLATION,0.5,0.89836125,0.807295,0.4598283333333334,0.013419819068462227,0.001203333333333334,0.15009999999999996
0.2,cert,gaussian_ma1,SYNTHETIC_EXTRAPOLATION,0.75,0.8984693750000001,0.8075733333333334,0.50422,0.014233925077629777,0.001203333333333334,0.15009999999999996
0.2,cert,gaussian_ma1,SYNTHETIC_EXTRAPOLATION,1.0,0.898465625,0.8073700000000001,0.5739883333333333,0.01268399491359777,0.001203333333333334,0.15009999999999996
0.2,cert,uniform_ma1,SYNTHETIC_EXTRAPOLATION,0.0,0.8982279166666668,0.8066050000000001,0.4241283333333334,0.012131039482582404,0.0009266666666665202,0.1499266666666666
0.2,cert,uniform_ma1,SYNTHETIC_EXTRAPOLATION,0.25,0.8983193750000001,0.8065533333333333,0.4336183333333334,0.012604909730024485,0.0009266666666665202,0.1499266666666666
0.2,cert,uniform_ma1,SYNTHETIC_EXTRAPOLATION,0.5,0.8984047916666665,0.8074799999999999,0.4598266666666667,0.013416239732275228,0.0009266666666665202,0.1499266666666666
0.2,cert,uniform_ma1,SYNTHETIC_EXTRAPOLATION,0.75,0.8984568749999999,0.8073699999999999,0.5046366666666667,0.013781058623079455,0.0009266666666665202,0.1499266666666666
0.2,cert,uniform_ma1,SYNTHETIC_EXTRAPOLATION,1.0,0.8983977083333333,0.80747,0.574055,0.01289916126151999,0.0009266666666665202,0.1499266666666666
0.1,sf85,white,SYNTHETIC_AT_CERTIFIED_DT,0.0,0.8984682291666667,0.8070158333333333,0.42441,0.00931720969102753,0.0008441666666667569,0.1086375
0.1,sf85,white,SYNTHETIC_AT_CERTIFIED_DT,0.25,0.8985269791666667,0.80786,0.43102916666666663,0.009537261807571027,0.0008441666666667569,0.1086375
0.1,sf85,white,SYNTHETIC_AT_CERTIFIED_DT,0.5,0.8986350000000001,0.8076516666666668,0.4516441666666667,0.009957484685214506,0.0008441666666667569,0.1086375
0.1,sf85,white,SYNTHETIC_AT_CERTIFIED_DT,0.75,0.8986153125,0.8078399999999999,0.4843225,0.01070020738878632,0.0008441666666667569,0.1086375
0.1,sf85,white,SYNTHETIC_AT_CERTIFIED_DT,1.0,0.8986807291666667,0.8075366666666668,0.5330475,0.010703915509317017,0.0008441666666667569,0.1086375
0.1,sf85,gaussian_ma1,SYNTHETIC_AT_CERTIFIED_DT,0.0,0.8984677083333332,0.8069700000000001,0.4244866666666667,0.009486764708491642,0.0007149999999999102,0.10810166666666665
0.1,sf85,gaussian_ma1,SYNTHETIC_AT_CERTIFIED_DT,0.25,0.8984641666666667,0.8075358333333332,0.4310525,0.009281270464486666,0.0007149999999999102,0.10810166666666665
0.1,sf85,gaussian_ma1,SYNTHETIC_AT_CERTIFIED_DT,0.5,0.8985709375,0.807685,0.45113249999999994,0.009298020320564501,0.0007149999999999102,0.10810166666666665
0.1,sf85,gaussian_ma1,SYNTHETIC_AT_CERTIFIED_DT,0.75,0.8985828125,0.80759,0.48398916666666664,0.010255693595105822,0.0007149999999999102,0.10810166666666665
0.1,sf85,gaussian_ma1,SYNTHETIC_AT_CERTIFIED_DT,1.0,0.8986052083333332,0.80738,0.5325883333333333,0.010817826938722887,0.0007149999999999102,0.10810166666666665
0.1,sf85,uniform_ma1,SYNTHETIC_AT_CERTIFIED_DT,0.0,0.89847375,0.8069891666666666,0.4245108333333333,0.008791858917297515,0.000827499999999981,0.10888583333333335
0.1,sf85,uniform_ma1,SYNTHETIC_AT_CERTIFIED_DT,0.25,0.89842625,0.8073616666666666,0.43121916666666665,0.00927960091600095,0.000827499999999981,0.10888583333333335
0.1,sf85,uniform_ma1,SYNTHETIC_AT_CERTIFIED_DT,0.5,0.8986294791666666,0.8078166666666666,0.45189750000000006,0.009660234062302535,0.000827499999999981,0.10888583333333335
0.1,sf85,uniform_ma1,SYNTHETIC_AT_CERTIFIED_DT,0.75,0.8985838541666668,0.8076525000000001,0.4852183333333333,0.010104457087988088,0.000827499999999981,0.10888583333333335
0.1,sf85,uniform_ma1,SYNTHETIC_AT_CERTIFIED_DT,1.0,0.8985370833333335,0.8074458333333334,0.5333966666666666,0.010155925072111932,0.000827499999999981,0.10888583333333335
0.1,cert,white,SYNTHETIC_AT_CERTIFIED_DT,0.0,0.8983030208333334,0.8063241666666667,0.42358166666666663,0.011262377520030356,0.0014650000000000496,0.1361283333333334
0.1,cert,white,SYNTHETIC_AT_CERTIFIED_DT,0.25,0.89835625,0.8074066666666667,0.4322433333333333,0.011526834179324994,0.0014650000000000496,0.1361283333333334
0.1,cert,white,SYNTHETIC_AT_CERTIFIED_DT,0.5,0.8985673958333333,0.8077891666666668,0.4574325,0.011769018578328475,0.0014650000000000496,0.1361283333333334
0.1,cert,white,SYNTHETIC_AT_CERTIFIED_DT,0.75,0.8985436458333333,0.8075950000000001,0.49785999999999997,0.012111540057663909,0.0014650000000000496,0.1361283333333334
0.1,cert,white,SYNTHETIC_AT_CERTIFIED_DT,1.0,0.8985482291666668,0.8073766666666667,0.55971,0.011484036452571797,0.0014650000000000496,0.1361283333333334
0.1,cert,gaussian_ma1,SYNTHETIC_AT_CERTIFIED_DT,0.0,0.8983433333333334,0.8065883333333334,0.4241791666666666,0.011171071376833526,0.0009266666666667422,0.13533666666666672
0.1,cert,gaussian_ma1,SYNTHETIC_AT_CERTIFIED_DT,0.25,0.8983834375,0.8074633333333332,0.43242166666666665,0.011526919794781787,0.0009266666666667422,0.13533666666666672
0.1,cert,gaussian_ma1,SYNTHETIC_AT_CERTIFIED_DT,0.5,0.8984790625000001,0.8075150000000001,0.4567525,0.011155954729884471,0.0009266666666667422,0.13533666666666672
0.1,cert,gaussian_ma1,SYNTHETIC_AT_CERTIFIED_DT,0.75,0.8984714583333334,0.8074266666666666,0.49768749999999995,0.011816682525215397,0.0009266666666667422,0.13533666666666672
0.1,cert,gaussian_ma1,SYNTHETIC_AT_CERTIFIED_DT,1.0,0.8985474999999999,0.8072283333333334,0.5595158333333333,0.01167944499414681,0.0009266666666667422,0.13533666666666672
0.1,cert,uniform_ma1,SYNTHETIC_AT_CERTIFIED_DT,0.0,0.8983854166666666,0.8065291666666667,0.4242208333333333,0.010836392268817382,0.0010624999999998552,0.1357658333333333
0.1,cert,uniform_ma1,SYNTHETIC_AT_CERTIFIED_DT,0.25,0.8982560416666666,0.8069741666666667,0.43195333333333336,0.011687874478574466,0.0010624999999998552,0.1357658333333333
0.1,cert,uniform_ma1,SYNTHETIC_AT_CERTIFIED_DT,0.5,0.8985243749999999,0.807545,0.4570641666666667,0.011547630074150493,0.0010624999999998552,0.1357658333333333
0.1,cert,uniform_ma1,SYNTHETIC_AT_CERTIFIED_DT,0.75,0.8984797916666668,0.8075916666666666,0.4977883333333334,0.011434599189585337,0.0010624999999998552,0.1357658333333333
0.1,cert,uniform_ma1,SYNTHETIC_AT_CERTIFIED_DT,1.0,0.8985840625,0.8075550000000001,0.5599866666666666,0.01137959029916651,0.0010624999999998552,0.1357658333333333
