episode,seed,epsilon,train_return,train_loss,steps,z_steps
1,1000,1.0,3.69954777,,4,0
2,1001,0.99,2.7354872,,4,12
3,1002,0.9801,2.87499219,,4,1
4,1003,0.970299,3.75972793,,4,3
5,1004,0.96059601,1.73404617,,4,8
6,1005,0.95099005,0.80387184,,5,12
7,1006,0.94148015,1.07493943,,4,12
8,1007,0.93206535,2.47913502,,4,5
9,1008,0.92274469,2.98980907,,4,0
10,1009,0.91351725,3.68787365,,4,8
11,1010,0.90438208,1.54930217,,4,8
12,1011,0.89533825,2.79416911,,4,5
13,1012,0.88638487,3.76662712,,4,1
14,1013,0.87752102,3.96334767,,5,0
15,1014,0.86874581,3.71765582,,4,12
16,1015,0.86005835,1.17554207,,5,12
17,1016,0.85145777,-1.19482884,,5,1
18,1017,0.84294319,0.58758889,,4,0
19,1018,0.83451376,3.79544789,,4,8
20,1019,0.82616862,-1.31746491,,5,5
21,1020,0.81790694,3.0343556,,5,3
22,1021,0.80972787,1.99032534,,4,3
23,1022,0.80163059,2.70581599,,4,5
24,1023,0.79361428,2.22121097,,4,3
25,1024,0.78567814,0.74916457,,5,12
26,1025,0.77782136,2.86524239,,4,8
27,1026,0.77004315,2.94392493,,4,3
28,1027,0.76234271,2.72702021,,4,8
29,1028,0.75471929,4.04188274,,5,8
30,1029,0.74717209,3.06525127,,5,12
31,1030,0.73970037,1.67394637,,5,3
32,1031,0.73230337,2.82783396,,5,3
33,1032,0.72498034,2.51689512,,4,1
34,1033,0.71773053,2.88316393,,5,5
35,1034,0.71055323,0.04142974,,5,0
36,1035,0.70344769,0.87696063,,5,12
37,1036,0.69641322,3.00656631,,4,5
38,1037,0.68944909,0.94664206,,5,3
39,1038,0.6825546,2.41109624,,4,5
40,1039,0.67572905,1.94031739,,5,1
41,1040,0.66897176,1.74921926,,5,0
42,1041,0.66228204,-1.69470552,,5,3
43,1042,0.65565922,1.04383564,,5,12
44,1043,0.64910263,3.80261832,,4,8
45,1044,0.6426116,2.02056567,,5,5
46,1045,0.63618549,2.8198695,,5,0
47,1046,0.62982363,2.83006832,,5,0
48,1047,0.62352539,3.04624589,,5,12
49,1048,0.61729014,3.29424871,,5,12
50,1049,0.61111724,2.45138492,,4,0
51,1050,0.60500607,2.96075912,,5,12
52,1051,0.59895601,3.9203905,,5,12
53,1052,0.59296645,2.12877543,,5,8
54,1053,0.58703678,1.48460911,,4,3
55,1054,0.58116641,2.68740291,,4,1
56,1055,0.57535475,-0.05917847,,5,5
57,1056,0.5696012,4.02395194,,5,1
58,1057,0.56390519,4.05719381,,5,3
59,1058,0.55826614,3.65860264,,4,12
60,1059,0.55268348,3.9228257,,5,0
61,1060,0.54715664,3.14514578,,5,3
62,1061,0.54168508,1.95075883,,5,1
63,1062,0.53626823,4.03154132,,5,5
64,1063,0.53090554,-0.24857089,,5,0
65,1064,0.52559649,2.91885847,,5,0
66,1065,0.52034052,1.03014886,,5,0
67,1066,0.51513712,-0.20070821,,5,5
68,1067,0.50998575,2.11812935,,5,8
69,1068,0.50488589,1.8901096,,4,0
70,1069,0.49983703,1.18067169,,5,8
71,1070,0.49483866,2.88088698,,4,0
72,1071,0.48989027,2.92202121,,5,0
73,1072,0.48499137,3.07523907,,5,8
74,1073,0.48014146,2.9156712,,4,5
75,1074,0.47534004,0.94566266,,5,3
76,1075,0.47058664,0.11080993,,5,3
77,1076,0.46588078,3.93902344,,5,5
78,1077,0.46122197,2.76224668,,5,0
79,1078,0.45660975,1.51311929,,5,12
80,1079,0.45204365,2.77974381,,4,1
81,1080,0.44752321,3.27796784,,5,0
82,1081,0.44304798,2.0011618,,5,12
83,1082,0.4386175,2.97971986,,5,12
84,1083,0.43423133,3.98853254,,5,1
85,1084,0.42988901,4.02449541,,5,5
86,1085,0.42559012,3.02773003,,5,12
87,1086,0.42133422,3.00692504,,5,3
88,1087,0.41712088,2.22995159,,5,12
89,1088,0.41294967,3.92122386,,5,0
90,1089,0.40882017,2.81037282,,5,8
91,1090,0.40473197,0.99656787,,5,0
92,1091,0.40068465,2.94623142,,5,8
93,1092,0.39667781,2.87736143,,4,8
94,1093,0.39271103,1.89703211,,5,3
95,1094,0.38878392,1.91961527,,5,1
96,1095,0.38489608,0.67309574,,5,0
97,1096,0.38104712,1.89170284,,5,3
98,1097,0.37723665,2.0681549,,5,1
99,1098,0.37346428,-0.12245165,,5,3
100,1099,0.36972964,1.14213189,,5,3
101,1100,0.36603234,-1.09851309,,5,8
102,1101,0.36237202,0.40413175,,5,3
103,1102,0.3587483,1.047183,,5,1
104,1103,0.35516081,1.71720272,,5,8
105,1104,0.35160921,1.04187785,,5,0
106,1105,0.34809311,4.08345127,,5,5
107,1106,0.34461218,2.23477611,1.00672776,5,0
108,1107,0.34116606,2.82445958,0.85062034,5,3
109,1108,0.3377544,3.73321443,0.74023497,4,12
110,1109,0.33437686,2.93432627,0.91837637,5,8
111,1110,0.33103309,2.00191929,0.74376589,5,0
112,1111,0.32772276,1.4879965,0.75099792,4,8
113,1112,0.32444553,1.02966043,0.73518957,5,0
114,1113,0.32120107,1.09906452,0.65540626,5,5
115,1114,0.31798906,2.96090863,0.62971034,5,12
116,1115,0.31480917,1.74996467,0.59878738,4,8
117,1116,0.31166108,1.97629746,0.68277701,5,12
118,1117,0.30854447,2.56249636,0.61457473,4,5
119,1118,0.30545903,3.82201926,0.68302287,4,3
120,1119,0.30240444,1.06687175,0.59126952,5,0
121,1120,0.29938039,3.92320123,0.4795768,5,1
122,1121,0.29638659,2.0545093,0.52392383,5,8
123,1122,0.29342272,2.13783414,0.5867445,5,5
124,1123,0.29048849,3.78015128,0.51717126,4,8
125,1124,0.28758361,3.76466506,0.53296982,4,0
126,1125,0.28470777,2.8780853,0.62169173,4,12
127,1126,0.2818607,2.94922487,0.67583783,4,8
128,1127,0.27904209,1.89281072,0.49178103,5,5
129,1128,0.27625167,3.42646065,0.56305116,5,12
130,1129,0.27348915,2.15886998,0.49359861,5,5
131,1130,0.27075426,2.91478604,0.50293464,4,8
132,1131,0.26804672,2.02702464,0.5876788,4,3
133,1132,0.26536625,2.71909759,0.52603684,4,0
134,1133,0.26271259,1.51941487,0.61308803,4,5
135,1134,0.26008546,2.98025077,0.5959191,5,0
136,1135,0.25748461,3.04043224,0.5058807,5,5
137,1136,0.25490976,1.75924473,0.53032122,4,1
138,1137,0.25236066,2.55419278,0.50447373,4,8
139,1138,0.24983706,3.81403781,0.464134,4,12
140,1139,0.24733869,2.11973378,0.52348313,5,8
141,1140,0.2448653,1.83797967,0.47851084,4,12
142,1141,0.24241665,4.01681038,0.44289415,5,8
143,1142,0.23999248,2.00285092,0.55963194,4,0
144,1143,0.23759255,2.76496475,0.52115951,4,1
145,1144,0.23521663,3.94270088,0.47312325,5,0
146,1145,0.23286446,2.20221118,0.41081529,5,5
147,1146,0.23053582,1.74604708,0.46291524,5,8
148,1147,0.22823046,0.72283037,0.39407009,4,5
149,1148,0.22594816,1.89141794,0.43949144,4,12
150,1149,0.22368867,0.6268025,0.396357,4,3
151,1150,0.22145179,2.21364241,0.38836178,5,3
152,1151,0.21923727,2.78228971,0.6034352,4,8
153,1152,0.2170449,3.64545891,0.64817204,4,0
154,1153,0.21487445,2.69411438,0.53901941,4,8
155,1154,0.2127257,1.84659138,0.48289938,4,12
156,1155,0.21059845,3.9929872,0.48515519,5,0
157,1156,0.20849246,3.74142458,0.49105292,4,5
158,1157,0.20640754,2.02155993,0.41581693,5,1
159,1158,0.20434346,1.68028438,0.42064133,4,8
160,1159,0.20230003,4.06616884,0.39684992,5,0
161,1160,0.20027703,2.76643624,0.37745627,5,1
162,1161,0.19827426,3.98402545,0.43424698,5,0
163,1162,0.19629151,3.89486366,0.35919173,4,1
164,1163,0.1943286,1.37269669,0.31157281,4,12
165,1164,0.19238531,2.5502139,0.38640304,4,5
166,1165,0.19046146,2.79840089,0.4217884,4,8
167,1166,0.18855685,2.78324465,0.29209373,4,5
168,1167,0.18667128,3.80680291,0.30367405,4,5
169,1168,0.18480456,1.74041404,0.31902676,4,5
170,1169,0.18295652,2.76662995,0.35165586,5,8
171,1170,0.18112695,1.91447074,0.37427624,4,12
172,1171,0.17931568,1.83377047,0.28633674,4,8
173,1172,0.17752253,3.03942778,0.32434925,4,8
174,1173,0.1757473,1.96656578,0.3047811,4,3
175,1174,0.17398983,3.67397781,0.34456441,4,0
176,1175,0.17224993,2.00424712,0.33408445,5,0
177,1176,0.17052743,1.52644832,0.30769518,4,3
178,1177,0.16882216,2.64926592,0.33658215,4,8
179,1178,0.16713394,2.55411417,0.34458765,4,12
180,1179,0.1654626,0.54910471,0.26959988,5,8
181,1180,0.16380797,2.77682782,0.31642054,5,0
182,1181,0.16216989,3.72494445,0.29739561,4,0
183,1182,0.16054819,3.74306556,0.30244765,4,1
184,1183,0.15894271,3.85419879,0.32049773,4,5
185,1184,0.15735328,3.75231425,0.31336425,4,5
186,1185,0.15577975,1.74241955,0.28424022,4,3
187,1186,0.15422195,3.66511447,0.28654318,4,1
188,1187,0.15267973,2.71481188,0.26397555,4,12
189,1188,0.15115293,2.53128691,0.24318416,4,1
190,1189,0.14964141,2.62083659,0.29659656,4,0
191,1190,0.14814499,0.61892217,0.28033834,4,1
192,1191,0.14666354,2.57976544,0.25306349,4,3
193,1192,0.14519691,1.77832955,0.2619901,5,0
194,1193,0.14374494,3.79852953,0.22750771,4,12
195,1194,0.14230749,1.50940156,0.25254624,4,3
196,1195,0.14088441,2.67261129,0.2849042,4,12
197,1196,0.13947557,3.77427601,0.28944025,4,1
198,1197,0.13808081,3.77449678,0.25762561,4,12
199,1198,0.1367,1.96219546,0.42116513,4,5
200,1199,0.135333,2.96316671,0.44971821,5,0
201,1200,0.13397967,3.74713215,0.35811149,4,8
202,1201,0.13263988,1.81891628,0.29668072,4,1
203,1202,0.13131348,3.665771,0.26353523,4,3
204,1203,0.13000034,3.75923946,0.28088995,4,1
205,1204,0.12870034,1.87892566,0.25096924,4,12
206,1205,0.12741334,3.78111566,0.23231602,4,1
207,1206,0.1261392,1.11260146,0.24446213,4,8
208,1207,0.12487781,1.68215858,0.19081846,4,8
209,1208,0.12362903,3.66271695,0.23028486,4,5
210,1209,0.12239274,3.77042563,0.22455388,4,1
211,1210,0.12116882,1.68105511,0.20144671,4,12
212,1211,0.11995713,2.27898971,0.18600478,4,1
213,1212,0.11875756,-0.2648478,0.23978974,5,3
214,1213,0.11756998,1.89733455,0.18744439,5,0
215,1214,0.11639428,2.62792788,0.22037796,4,3
216,1215,0.11523034,3.98425075,0.18416461,5,1
217,1216,0.11407804,1.53831759,0.19866589,4,0
218,1217,0.11293725,2.9724474,0.21429021,4,0
219,1218,0.11180788,1.71532723,0.17672003,4,3
220,1219,0.1106898,2.65505855,0.15604847,4,8
221,1220,0.10958291,2.00388549,0.18564014,4,12
222,1221,0.10848708,3.61445615,0.19823887,4,8
223,1222,0.10740221,3.72916785,0.20802976,4,3
224,1223,0.10632818,1.885593,0.17755928,4,5
225,1224,0.1052649,2.869246,0.1902824,4,8
226,1225,0.10421225,2.5126186,0.21803816,4,12
227,1226,0.10317013,2.65001133,0.16396594,4,8
228,1227,0.10213843,2.55527779,0.18143607,4,5
229,1228,0.10111704,1.03554349,0.19755948,5,3
230,1229,0.10010587,1.92217087,0.15384639,4,3
231,1230,0.09910482,3.67120272,0.14556906,4,1
232,1231,0.09811377,1.43201391,0.1748524,4,12
233,1232,0.09713263,3.66144954,0.17898824,4,5
234,1233,0.0961613,1.00862783,0.17724381,5,8
235,1234,0.09519969,3.76676739,0.15850079,4,5
236,1235,0.09424769,2.8317631,0.15111431,4,1
237,1236,0.09330522,1.62592487,0.21018083,4,1
238,1237,0.09237216,2.64399268,0.20239774,4,1
239,1238,0.09144844,2.90163034,0.17442199,4,3
240,1239,0.09053396,-0.03008766,0.17197631,5,8
241,1240,0.08962862,1.91042543,0.18726262,4,0
242,1241,0.08873233,3.71358664,0.17607355,4,5
243,1242,0.08784501,1.94590262,0.18520805,4,1
244,1243,0.08696656,2.66583624,0.16138053,4,3
245,1244,0.08609689,3.7860631,0.1625229,4,3
246,1245,0.08523592,2.83992514,0.1559957,4,5
247,1246,0.08438357,3.73428771,0.22842374,4,5
248,1247,0.08353973,3.61862013,0.39788869,4,3
249,1248,0.08270433,0.70211003,0.23283825,4,12
250,1249,0.08187729,2.78545659,0.24945231,4,1
251,1250,0.08105852,0.74950273,0.20087533,4,3
252,1251,0.08024793,2.45795685,0.17971694,4,12
253,1252,0.07944545,3.70352297,0.16781374,4,8
254,1253,0.078651,3.77478113,0.15217557,4,0
255,1254,0.07786449,1.51896058,0.15700174,4,5
256,1255,0.07708584,2.8301626,0.13841107,4,1
257,1256,0.07631498,1.54729507,0.17522989,4,1
258,1257,0.07555183,3.76053031,0.17452858,4,5
259,1258,0.07479632,2.81049039,0.16962888,4,1
260,1259,0.07404835,2.91292037,0.16166019,4,1
261,1260,0.07330787,2.98903569,0.16695655,5,0
262,1261,0.07257479,2.66178585,0.15829887,4,5
263,1262,0.07184904,2.55470245,0.14299938,4,0
264,1263,0.07113055,1.78316881,0.13790916,4,5
265,1264,0.07041925,2.51341094,0.1443856,4,8
266,1265,0.06971505,0.6973742,0.13613194,4,8
267,1266,0.0690179,2.09833034,0.13992903,5,12
268,1267,0.06832772,2.80610913,0.13889602,4,3
269,1268,0.06764445,2.88537903,0.15929743,4,3
270,1269,0.066968,4.02166386,0.16515647,5,12
271,1270,0.06629832,2.48139211,0.14740812,4,0
272,1271,0.06563534,3.81921677,0.15389953,4,3
273,1272,0.06497899,2.10495947,0.16466055,4,3
274,1273,0.0643292,2.93696632,0.139975,4,0
275,1274,0.0636859,1.89948676,0.15453244,4,1
276,1275,0.06304905,2.40871201,0.14410331,4,3
277,1276,0.06241855,3.73796293,0.13816772,4,5
278,1277,0.06179437,1.57540795,0.14040097,4,1
279,1278,0.06117643,2.83530692,0.17391827,4,3
280,1279,0.06056466,3.7048708,0.14199645,4,1
281,1280,0.05995901,2.97039769,0.13376528,4,8
282,1281,0.05935942,1.8415655,0.16878209,4,8
283,1282,0.05876583,2.90666127,0.12935689,4,3
284,1283,0.05817817,2.66115712,0.14873371,4,12
285,1284,0.05759639,3.12342913,0.15531202,4,12
286,1285,0.05702043,3.67300742,0.14170188,4,1
287,1286,0.05645022,2.71058555,0.13664536,4,1
288,1287,0.05588572,3.00366652,0.14630677,4,3
289,1288,0.05532686,1.82469815,0.15753176,4,1
290,1289,0.05477359,0.16199157,0.14324667,4,1
291,1290,0.05422586,2.52593681,0.15016155,4,8
292,1291,0.0536836,2.76428801,0.16361301,4,1
293,1292,0.05314676,3.61028461,0.14097584,4,12
294,1293,0.0526153,3.80856557,0.14435059,4,0
295,1294,0.05208914,1.91002575,0.13656995,4,8
296,1295,0.05156825,0.67006034,0.15606947,4,8
297,1296,0.05105257,1.99978983,0.15095051,4,0
298,1297,0.05054204,2.76847,0.17124057,5,1
299,1298,0.05003662,1.06694825,0.14311747,5,0
300,1299,0.05,3.70963665,0.14850798,4,3
301,1300,0.05,3.74932662,0.13513659,4,8
302,1301,0.05,1.81573302,0.11237386,4,12
303,1302,0.05,3.97072886,0.13515434,5,1
304,1303,0.05,4.0184039,0.15007481,5,0
305,1304,0.05,2.8468588,0.12110277,4,8
306,1305,0.05,2.91455202,0.13375678,4,5
307,1306,0.05,2.88412766,0.1478689,4,3
308,1307,0.05,0.58151364,0.12173213,4,8
309,1308,0.05,3.7464704,0.1322317,4,5
310,1309,0.05,2.82664001,0.12840283,4,12
311,1310,0.05,2.9450473,0.14037193,4,3
312,1311,0.05,1.57826534,0.12605936,4,8
313,1312,0.05,1.69449628,0.12705201,4,3
314,1313,0.05,3.75841068,0.1443156,4,8
315,1314,0.05,2.99599065,0.12102237,5,1
316,1315,0.05,3.68572263,0.1366119,4,1
317,1316,0.05,2.09314408,0.14708589,5,1
318,1317,0.05,2.90583419,0.1276869,4,5
319,1318,0.05,3.91531651,0.13748234,4,8
320,1319,0.05,3.74673867,0.14120444,4,5
321,1320,0.05,3.80225153,0.12587021,4,8
322,1321,0.05,0.57997201,0.15554954,4,5
323,1322,0.05,1.50158734,0.13086457,4,12
324,1323,0.05,3.19905793,0.12828937,4,3
325,1324,0.05,2.05005952,0.10702894,4,12
326,1325,0.05,3.9897484,0.12320318,5,1
327,1326,0.05,1.34501704,0.12115208,4,5
328,1327,0.05,1.70703773,0.13825471,5,1
329,1328,0.05,2.87478143,0.12917382,4,5
330,1329,0.05,2.66655685,0.12682802,5,12
331,1330,0.05,2.65305329,0.14363525,4,5
332,1331,0.05,1.52482948,0.14721888,4,1
333,1332,0.05,3.70704727,0.10388044,4,1
334,1333,0.05,2.02444315,0.12030428,4,3
335,1334,0.05,2.78254158,0.13365051,4,0
336,1335,0.05,2.76390391,0.1483511,5,1
337,1336,0.05,1.79338398,0.11331364,4,3
338,1337,0.05,2.97595797,0.14221068,4,3
339,1338,0.05,2.90846107,0.10178161,4,5
340,1339,0.05,2.91241502,0.13889334,4,8
341,1340,0.05,3.71887578,0.13541756,4,1
342,1341,0.05,3.80743521,0.14572219,4,3
343,1342,0.05,3.72981372,0.11943835,4,12
344,1343,0.05,2.32948437,0.10703912,4,1
345,1344,0.05,1.95798897,0.14110658,4,0
346,1345,0.05,2.71763387,0.11040882,4,0
347,1346,0.05,2.41514998,0.1150825,4,3
348,1347,0.05,3.99668727,0.13126478,5,3
349,1348,0.05,2.09085553,0.12420189,4,8
350,1349,0.05,2.03092002,0.12632221,4,0
351,1350,0.05,2.6727119,0.12443301,4,1
352,1351,0.05,1.55611757,0.12097533,4,3
353,1352,0.05,2.83822283,0.13442863,4,5
354,1353,0.05,1.87915277,0.12162785,4,0
355,1354,0.05,3.72961978,0.11295697,4,3
356,1355,0.05,1.86943333,0.12651311,4,3
357,1356,0.05,2.4101866,0.11255659,4,12
358,1357,0.05,3.94528229,0.12824944,5,1
359,1358,0.05,2.52019557,0.10947846,4,12
360,1359,0.05,2.69515322,0.13251456,4,1
361,1360,0.05,3.96081681,0.10977486,5,0
362,1361,0.05,2.47608487,0.1201775,4,5
363,1362,0.05,2.95977929,0.10594841,4,0
364,1363,0.05,3.57569901,0.10217807,4,0
365,1364,0.05,0.69242571,0.09590484,4,5
366,1365,0.05,1.60579031,0.12711497,4,12
367,1366,0.05,2.00200707,0.11910009,4,3
368,1367,0.05,3.24334609,0.13146444,4,3
369,1368,0.05,4.02128747,0.12552502,5,1
370,1369,0.05,2.73276139,0.12873641,4,5
371,1370,0.05,2.46886684,0.0998818,4,12
372,1371,0.05,2.32704617,0.10537945,5,1
373,1372,0.05,1.18403326,0.10768539,4,3
374,1373,0.05,2.93594494,0.1201734,4,3
375,1374,0.05,2.74757819,0.1124319,4,3
376,1375,0.05,3.73033814,0.10151755,4,3
377,1376,0.05,1.15523934,0.12188473,5,12
378,1377,0.05,2.73150377,0.11967607,4,3
379,1378,0.05,2.39824335,0.11229926,4,8
380,1379,0.05,1.55450568,0.14280321,4,1
381,1380,0.05,1.41372191,0.14237949,4,8
382,1381,0.05,3.70964741,0.09623468,4,12
383,1382,0.05,2.53013998,0.10610812,4,12
384,1383,0.05,1.95869643,0.1276416,4,0
385,1384,0.05,3.92473286,0.12976794,4,12
386,1385,0.05,2.53740925,0.10894714,4,3
387,1386,0.05,2.8453103,0.10758219,4,1
388,1387,0.05,2.80761884,0.12840731,5,8
389,1388,0.05,2.72915776,0.11832329,4,1
390,1389,0.05,3.70806573,0.12433572,4,8
391,1390,0.05,2.05814601,0.13415245,5,5
392,1391,0.05,1.96797859,0.12135467,4,1
393,1392,0.05,1.60616072,0.12193172,4,5
394,1393,0.05,3.71316133,0.11476796,4,8
395,1394,0.05,2.48147176,0.12821216,4,12
396,1395,0.05,2.53875654,0.1184841,4,12
397,1396,0.05,3.61918441,0.1156786,4,3
398,1397,0.05,3.72185326,0.11723473,4,3
399,1398,0.05,0.64190614,0.14283832,4,8
400,1399,0.05,1.72675106,0.11823889,4,5
401,1400,0.05,2.04940973,0.12625386,4,5
402,1401,0.05,2.72778712,0.10123353,4,5
403,1402,0.05,3.91830139,0.1681336,5,0
404,1403,0.05,2.90327196,0.12657237,4,0
405,1404,0.05,3.65726951,0.13465266,4,1
406,1405,0.05,2.52306537,0.11344412,4,5
407,1406,0.05,1.99390964,0.12707508,5,0
408,1407,0.05,1.03638208,0.12413454,4,5
409,1408,0.05,2.65069857,0.11572444,4,8
410,1409,0.05,2.94673077,0.13747147,4,3
411,1410,0.05,1.97312126,0.11068835,4,3
412,1411,0.05,0.61482466,0.14093272,4,3
413,1412,0.05,1.83552029,0.12472463,4,8
414,1413,0.05,1.9354368,0.09874843,4,5
415,1414,0.05,2.94239526,0.11604102,4,1
416,1415,0.05,2.93543014,0.11253057,4,0
417,1416,0.05,3.86881824,0.11893517,4,0
418,1417,0.05,0.685876,0.11643653,4,12
419,1418,0.05,1.95881993,0.12216493,5,0
420,1419,0.05,2.41614756,0.12223732,4,5
421,1420,0.05,2.41534047,0.14361528,4,8
422,1421,0.05,3.67392495,0.12564066,4,5
423,1422,0.05,2.98302537,0.1283526,4,3
424,1423,0.05,2.77071076,0.108599,4,3
425,1424,0.05,1.66885311,0.11982788,4,5
426,1425,0.05,2.56266615,0.11685992,4,5
427,1426,0.05,1.94279482,0.12488091,4,3
428,1427,0.05,2.67070369,0.12296051,4,3
429,1428,0.05,3.75146844,0.12406481,4,8
430,1429,0.05,2.98892428,0.10362094,4,1
431,1430,0.05,3.01269407,0.11482861,5,0
432,1431,0.05,3.65793861,0.10581891,4,12
433,1432,0.05,3.65239918,0.1273568,4,8
434,1433,0.05,1.56066997,0.11285324,4,1
435,1434,0.05,1.98504213,0.13572809,5,0
436,1435,0.05,1.69490885,0.14493316,4,1
437,1436,0.05,1.90354781,0.12071946,5,0
438,1437,0.05,0.85514643,0.11629633,4,12
439,1438,0.05,0.61709603,0.10618379,4,12
440,1439,0.05,1.06737187,0.10183503,4,3
441,1440,0.05,2.4572719,0.10417388,4,5
442,1441,0.05,2.95551304,0.11572852,4,8
443,1442,0.05,1.93911952,0.14383943,4,1
444,1443,0.05,-1.07843064,0.11364772,5,3
445,1444,0.05,2.64786458,0.10935854,4,1
446,1445,0.05,2.67705224,0.11425781,4,1
447,1446,0.05,1.02998237,0.13881996,4,3
448,1447,0.05,3.05245864,0.12832405,5,1
449,1448,0.05,3.05274477,0.13147169,4,12
450,1449,0.05,3.77287507,0.10099544,4,0
451,1450,0.05,2.87837096,0.11876024,4,1
452,1451,0.05,3.68468289,0.12609887,4,1
453,1452,0.05,2.95575244,0.13612372,4,12
454,1453,0.05,1.45232767,0.14122663,4,12
455,1454,0.05,2.8498267,0.13364697,4,1
456,1455,0.05,2.64709392,0.11874604,4,5
457,1456,0.05,2.06887608,0.11735167,4,5
458,1457,0.05,1.74919723,0.12012893,4,1
459,1458,0.05,1.50583655,0.11109141,4,1
460,1459,0.05,0.70513937,0.11635354,4,8
461,1460,0.05,2.78708075,0.10761763,4,12
462,1461,0.05,2.02078799,0.12122227,4,3
463,1462,0.05,2.95827673,0.10910378,5,5
464,1463,0.05,2.84576503,0.10123225,4,0
465,1464,0.05,0.55685935,0.13346552,4,8
466,1465,0.05,1.73594585,0.12035563,5,1
467,1466,0.05,2.7567648,0.12151139,4,12
468,1467,0.05,2.905278,0.1313941,4,8
469,1468,0.05,2.73492946,0.11994279,4,1
470,1469,0.05,0.73558996,0.12498946,4,3
471,1470,0.05,1.89231636,0.13562622,4,12
472,1471,0.05,1.86502862,0.11242801,4,12
473,1472,0.05,3.00886177,0.09652542,4,3
474,1473,0.05,2.08032352,0.11347388,5,5
475,1474,0.05,2.99477625,0.11394623,5,0
476,1475,0.05,3.6839161,0.13647362,4,1
477,1476,0.05,2.73071166,0.10766452,4,1
478,1477,0.05,1.16167599,0.09998085,5,0
479,1478,0.05,3.58668337,0.11974052,4,5
480,1479,0.05,4.00029395,0.11036922,5,0
481,1480,0.05,2.95383311,0.12085609,4,8
482,1481,0.05,2.86200331,0.12136105,4,3
483,1482,0.05,2.14190469,0.11619151,4,5
484,1483,0.05,2.97264125,0.12780734,4,8
485,1484,0.05,2.94022095,0.12928344,4,1
486,1485,0.05,2.60391399,0.11622507,4,5
487,1486,0.05,2.62997938,0.09183331,4,12
488,1487,0.05,2.81563228,0.11131522,4,3
489,1488,0.05,3.69335077,0.11830376,4,8
490,1489,0.05,3.03157087,0.11073593,4,5
491,1490,0.05,3.03882953,0.12979139,4,0
492,1491,0.05,1.76295521,0.10357824,4,5
493,1492,0.05,2.03753569,0.11827039,5,12
494,1493,0.05,0.72979961,0.10548616,4,5
495,1494,0.05,1.51649498,0.1116989,4,1
496,1495,0.05,2.75401347,0.12272702,4,1
497,1496,0.05,1.87997778,0.10395206,4,5
498,1497,0.05,3.11094032,0.10984917,5,1
499,1498,0.05,1.66972952,0.11743223,4,5
500,1499,0.05,2.42247862,0.10989975,4,12
501,1500,0.05,1.96207497,0.13161121,4,0
502,1501,0.05,2.5403976,0.10082739,4,0
503,1502,0.05,3.66926143,0.12914417,4,12
504,1503,0.05,2.4220979,0.10636448,4,5
505,1504,0.05,2.66792035,0.12323391,5,12
506,1505,0.05,1.65058272,0.10555596,4,3
507,1506,0.05,1.70283478,0.11407896,4,3
508,1507,0.05,2.91478539,0.11988126,5,1
509,1508,0.05,2.40116032,0.09983639,4,5
510,1509,0.05,1.69732695,0.11575341,4,3
511,1510,0.05,3.76612251,0.11028771,4,1
512,1511,0.05,1.72080131,0.11442313,5,1
513,1512,0.05,2.42306207,0.12673694,4,1
514,1513,0.05,3.83507798,0.09485657,4,0
515,1514,0.05,2.50966021,0.11542937,4,1
516,1515,0.05,3.22040584,0.11382013,4,3
517,1516,0.05,2.26907333,0.09808953,4,3
518,1517,0.05,1.62626526,0.1091507,4,3
519,1518,0.05,2.64098846,0.1128656,4,5
520,1519,0.05,1.46120791,0.13110054,4,3
521,1520,0.05,2.85639041,0.12279719,4,5
522,1521,0.05,1.36101813,0.10336396,4,1
523,1522,0.05,2.96322247,0.11126396,4,3
524,1523,0.05,1.80965744,0.11664326,4,12
525,1524,0.05,2.97993654,0.09576204,4,5
526,1525,0.05,1.50199696,0.1073437,4,12
527,1526,0.05,2.7682788,0.11255378,4,8
528,1527,0.05,2.73059756,0.13231098,4,8
529,1528,0.05,1.84237355,0.14504146,4,3
530,1529,0.05,1.48249314,0.11118858,4,0
531,1530,0.05,3.8178956,0.14009132,4,12
532,1531,0.05,2.88538124,0.11158068,4,3
533,1532,0.05,2.86132582,0.13162549,4,5
534,1533,0.05,1.98969469,0.10579076,5,5
535,1534,0.05,4.08239919,0.11034826,5,1
536,1535,0.05,2.07235442,0.12202022,4,1
537,1536,0.05,2.63920218,0.10890383,4,1
538,1537,0.05,3.71918568,0.10151652,4,5
539,1538,0.05,3.65974036,0.12519031,4,8
540,1539,0.05,3.63539038,0.13044352,4,0
541,1540,0.05,3.80733343,0.11501347,4,0
542,1541,0.05,1.99328199,0.11283454,4,5
543,1542,0.05,2.89046944,0.10190099,4,8
544,1543,0.05,1.87851446,0.10904087,4,5
545,1544,0.05,3.71507685,0.13774599,4,3
546,1545,0.05,3.61123019,0.11464706,4,8
547,1546,0.05,2.90329423,0.12401501,4,3
548,1547,0.05,2.89877822,0.09886536,4,1
549,1548,0.05,1.67717151,0.10368725,4,5
550,1549,0.05,2.87661854,0.1173299,4,1
551,1550,0.05,3.69272969,0.11574335,4,1
552,1551,0.05,2.69028669,0.10344996,4,0
553,1552,0.05,2.65990476,0.09174857,4,0
554,1553,0.05,3.59638915,0.1091148,4,1
555,1554,0.05,2.10141357,0.11897699,4,12
556,1555,0.05,3.87408352,0.09529892,4,1
557,1556,0.05,1.60430444,0.10482293,4,8
558,1557,0.05,2.59280873,0.11527815,4,12
559,1558,0.05,2.50547442,0.10655531,4,3
560,1559,0.05,3.04292299,0.10676795,5,12
561,1560,0.05,1.94249221,0.11301283,4,12
562,1561,0.05,4.0066864,0.11012088,5,0
563,1562,0.05,2.49366628,0.10430174,4,5
564,1563,0.05,3.78527573,0.12478521,4,12
565,1564,0.05,0.80186723,0.11576128,4,3
566,1565,0.05,2.97685115,0.10514364,4,8
567,1566,0.05,3.60880807,0.1288889,4,0
568,1567,0.05,2.82480657,0.12892629,4,1
569,1568,0.05,2.98633999,0.09961291,4,12
570,1569,0.05,1.44818034,0.12289477,4,5
571,1570,0.05,2.84438365,0.09887554,4,3
572,1571,0.05,1.93246033,0.12665958,4,8
573,1572,0.05,3.76088974,0.12342581,4,3
574,1573,0.05,3.89020703,0.10370094,5,1
575,1574,0.05,3.72108368,0.12431539,4,3
576,1575,0.05,1.47579263,0.11332048,4,5
577,1576,0.05,1.09397968,0.11643153,4,3
578,1577,0.05,3.78789375,0.11774575,4,0
579,1578,0.05,3.24547955,0.11960748,4,8
580,1579,0.05,2.64510532,0.09974205,4,12
581,1580,0.05,2.66374834,0.11415909,4,0
582,1581,0.05,3.22838101,0.10953838,4,1
583,1582,0.05,2.87425366,0.12109906,5,12
584,1583,0.05,1.6693401,0.09503651,4,5
585,1584,0.05,2.54848034,0.10128885,4,8
586,1585,0.05,0.67792007,0.1154169,4,8
587,1586,0.05,1.840837,0.10739705,5,1
588,1587,0.05,1.46608004,0.11991382,4,8
589,1588,0.05,2.05574001,0.11377226,4,0
590,1589,0.05,3.72779691,0.11168691,4,1
591,1590,0.05,1.94115259,0.10927801,4,1
592,1591,0.05,3.90894591,0.10923751,5,1
593,1592,0.05,1.08406774,0.11411868,5,0
594,1593,0.05,0.07153845,0.11681622,5,0
595,1594,0.05,2.71672634,0.11002835,4,3
596,1595,0.05,2.55482263,0.12023919,4,0
597,1596,0.05,0.60831771,0.11420431,4,3
598,1597,0.05,2.95963537,0.13095698,4,3
599,1598,0.05,2.45645852,0.10435401,4,5
600,1599,0.05,3.95631462,0.1057529,5,0
601,1600,0.05,1.20726833,0.11261532,5,1
602,1601,0.05,2.56104901,0.12902956,4,1
603,1602,0.05,3.65059382,0.12065527,4,1
604,1603,0.05,3.80676906,0.11097477,4,8
605,1604,0.05,1.70446811,0.10628058,4,1
606,1605,0.05,3.59352179,0.13520087,4,0
607,1606,0.05,1.84610687,0.14081345,4,3
608,1607,0.05,3.03522789,0.10833125,5,12
609,1608,0.05,3.72042738,0.11375185,4,5
610,1609,0.05,3.74211037,0.10971292,4,3
611,1610,0.05,1.94261453,0.121577,4,0
612,1611,0.05,2.75702544,0.1166241,4,12
613,1612,0.05,2.20590319,0.11619214,4,12
614,1613,0.05,2.45299566,0.11326786,5,0
615,1614,0.05,1.72495372,0.11605637,4,1
616,1615,0.05,1.62806671,0.12869532,4,5
617,1616,0.05,2.91692735,0.11027852,4,5
618,1617,0.05,2.45889112,0.10646877,4,5
619,1618,0.05,1.41962621,0.14441461,4,5
620,1619,0.05,2.72307552,0.13756272,4,5
621,1620,0.05,2.83507835,0.10785675,4,1
622,1621,0.05,2.9562132,0.11331749,4,0
623,1622,0.05,2.89840274,0.11656384,4,1
624,1623,0.05,2.85606844,0.11872802,4,0
625,1624,0.05,2.01499102,0.11404853,4,12
626,1625,0.05,1.96495537,0.09737869,4,1
627,1626,0.05,3.66873365,0.11703364,4,3
628,1627,0.05,2.77786179,0.09999102,5,1
629,1628,0.05,3.68365964,0.12646256,4,8
630,1629,0.05,2.91809468,0.10300207,4,8
631,1630,0.05,2.87575015,0.09742112,4,12
632,1631,0.05,1.53569601,0.10669964,4,0
633,1632,0.05,2.00774897,0.10749163,5,1
634,1633,0.05,3.00416739,0.11731599,4,8
635,1634,0.05,2.91665395,0.11155259,4,3
636,1635,0.05,2.98662406,0.10836659,4,3
637,1636,0.05,3.68765739,0.12161025,4,12
638,1637,0.05,3.27231569,0.09542129,4,1
639,1638,0.05,1.48842376,0.11087537,4,12
640,1639,0.05,2.9233342,0.10695322,5,1
641,1640,0.05,1.99694511,0.10952808,4,5
642,1641,0.05,1.69825127,0.09706408,4,5
643,1642,0.05,2.7207006,0.12641185,4,12
644,1643,0.05,2.68669643,0.12794621,4,8
645,1644,0.05,1.89986593,0.13309995,4,0
646,1645,0.05,2.90206407,0.12114168,5,1
647,1646,0.05,2.85239836,0.13087217,5,1
648,1647,0.05,2.69264347,0.12326593,4,12
649,1648,0.05,3.97640337,0.10309688,4,0
650,1649,0.05,2.96765561,0.0906669,4,3
651,1650,0.05,3.59324713,0.10768811,4,5
652,1651,0.05,2.93526876,0.11826897,4,1
653,1652,0.05,2.48606032,0.1062261,4,0
654,1653,0.05,2.90708998,0.1128519,4,12
655,1654,0.05,1.53805438,0.09404729,4,12
656,1655,0.05,2.85676492,0.11098851,4,3
657,1656,0.05,1.16369926,0.11486963,4,0
658,1657,0.05,3.76729869,0.11331419,4,12
659,1658,0.05,3.70489621,0.10389402,4,8
660,1659,0.05,1.72621131,0.10615585,4,3
661,1660,0.05,1.80517648,0.09272419,4,1
662,1661,0.05,3.73572422,0.10265089,4,1
663,1662,0.05,1.91865221,0.11692799,4,5
664,1663,0.05,4.01148282,0.12390496,5,0
665,1664,0.05,3.6144243,0.10468444,4,5
666,1665,0.05,2.76099413,0.10177576,4,1
667,1666,0.05,3.70654989,0.10899641,4,5
668,1667,0.05,3.76164603,0.11654057,4,8
669,1668,0.05,3.69517588,0.11465911,4,12
670,1669,0.05,2.60614282,0.11488885,4,1
671,1670,0.05,1.70204537,0.08845915,4,8
672,1671,0.05,1.84237811,0.11394146,4,1
673,1672,0.05,2.47280915,0.1172486,4,12
674,1673,0.05,3.63667069,0.08978198,4,1
675,1674,0.05,3.76044224,0.09310993,4,8
676,1675,0.05,1.8594822,0.09864257,4,12
677,1676,0.05,3.69937364,0.11337344,4,5
678,1677,0.05,2.64060526,0.10463606,4,8
679,1678,0.05,3.58516471,0.0960763,4,3
680,1679,0.05,3.80385038,0.09276565,4,5
681,1680,0.05,2.77243301,0.10562606,4,12
682,1681,0.05,1.39480892,0.10538106,4,5
683,1682,0.05,3.7693491,0.11194702,4,0
684,1683,0.05,2.07569184,0.09697127,5,0
685,1684,0.05,1.66344545,0.11895294,4,8
686,1685,0.05,2.50736242,0.11633921,4,8
687,1686,0.05,2.67874279,0.14254408,4,8
688,1687,0.05,3.06170251,0.1128844,5,1
689,1688,0.05,3.71229714,0.12592537,4,3
690,1689,0.05,2.94682703,0.12007606,4,5
691,1690,0.05,3.17656421,0.11086472,4,3
692,1691,0.05,2.96058491,0.10572966,5,1
693,1692,0.05,1.96703528,0.11227513,4,1
694,1693,0.05,2.78564408,0.10847303,4,5
695,1694,0.05,4.08281701,0.12237687,5,12
696,1695,0.05,2.85904212,0.09410547,4,3
697,1696,0.05,2.23860531,0.11241258,5,1
698,1697,0.05,2.9079738,0.12157783,4,3
699,1698,0.05,2.72540851,0.11265751,4,5
700,1699,0.05,2.43214131,0.10654054,4,8
701,1700,0.05,2.76174973,0.11001008,4,3
702,1701,0.05,2.88571167,0.12239878,4,8
703,1702,0.05,3.85558363,0.10045961,4,12
704,1703,0.05,1.26140945,0.12256568,4,12
705,1704,0.05,2.50056974,0.11212288,4,5
706,1705,0.05,2.91646846,0.11351468,4,3
707,1706,0.05,1.80251754,0.115967,5,0
708,1707,0.05,1.87106267,0.11133147,5,0
709,1708,0.05,2.84815061,0.1035985,4,8
710,1709,0.05,2.73532979,0.13475169,4,8
711,1710,0.05,2.67956121,0.11193228,4,8
712,1711,0.05,3.88826558,0.11338685,5,12
713,1712,0.05,2.44865312,0.13201688,4,5
714,1713,0.05,1.81179691,0.0924189,4,8
715,1714,0.05,2.591967,0.11287884,4,12
716,1715,0.05,3.69589748,0.0997395,4,1
717,1716,0.05,1.83416717,0.1073956,4,3
718,1717,0.05,2.78272502,0.12654363,4,12
719,1718,0.05,0.70577312,0.11035543,4,3
720,1719,0.05,0.77826639,0.12010293,5,1
721,1720,0.05,1.71303498,0.11230441,5,8
722,1721,0.05,2.90827473,0.11670743,4,8
723,1722,0.05,3.81044392,0.12098072,4,12
724,1723,0.05,2.66708813,0.10901004,4,5
725,1724,0.05,2.40514226,0.11417292,4,12
726,1725,0.05,2.77091852,0.11892727,4,3
727,1726,0.05,2.87186362,0.10975915,5,0
728,1727,0.05,3.77115084,0.10056042,4,0
729,1728,0.05,2.69477757,0.11081973,4,1
730,1729,0.05,1.67334069,0.12680915,4,1
731,1730,0.05,3.74845717,0.11265392,4,3
732,1731,0.05,0.68993824,0.11800973,4,12
733,1732,0.05,2.98273189,0.09848389,4,1
734,1733,0.05,2.56225363,0.1198851,4,0
735,1734,0.05,3.76148812,0.12804902,4,3
736,1735,0.05,2.92378422,0.10722653,5,1
737,1736,0.05,3.7738853,0.10843726,4,3
738,1737,0.05,3.27984442,0.10454927,4,1
739,1738,0.05,2.83244607,0.11582211,4,3
740,1739,0.05,2.92727547,0.11025199,4,3
741,1740,0.05,3.61729621,0.11243421,4,1
742,1741,0.05,1.46534646,0.12588668,4,3
743,1742,0.05,2.08466235,0.0892736,4,3
744,1743,0.05,2.73943596,0.11409515,4,3
745,1744,0.05,2.53481501,0.0989234,4,8
746,1745,0.05,1.88669474,0.11715147,4,5
747,1746,0.05,3.65829353,0.1079503,4,0
748,1747,0.05,3.74505942,0.10946946,4,0
749,1748,0.05,3.77766086,0.10226393,4,5
750,1749,0.05,1.92801212,0.0992506,4,8
751,1750,0.05,3.57318106,0.09873898,4,12
752,1751,0.05,3.06473342,0.11032105,5,3
753,1752,0.05,0.77674516,0.09696067,5,1
754,1753,0.05,2.21978808,0.10805264,4,8
755,1754,0.05,2.84774185,0.10782379,4,5
756,1755,0.05,2.81112723,0.08878914,4,0
757,1756,0.05,3.59565578,0.10930602,4,12
758,1757,0.05,0.78870695,0.10020046,4,8
759,1758,0.05,2.88830665,0.11073102,4,0
760,1759,0.05,2.89588365,0.09743699,4,3
761,1760,0.05,2.70788131,0.0969721,4,8
762,1761,0.05,3.72498643,0.10798673,4,8
763,1762,0.05,3.78714757,0.10642736,4,3
764,1763,0.05,1.97059675,0.11647164,4,12
765,1764,0.05,3.7260031,0.10552627,4,3
766,1765,0.05,2.75742978,0.10337316,5,1
767,1766,0.05,2.90842327,0.10777367,4,1
768,1767,0.05,2.80019103,0.1201182,4,5
769,1768,0.05,2.69502521,0.10495998,4,3
770,1769,0.05,3.7090652,0.10733402,4,1
771,1770,0.05,1.95339522,0.12419653,4,8
772,1771,0.05,3.63748253,0.10667503,4,8
773,1772,0.05,1.6908913,0.10882205,4,3
774,1773,0.05,1.5356924,0.11488357,4,8
775,1774,0.05,2.93961348,0.11018163,4,3
776,1775,0.05,2.93157755,0.09251215,4,5
777,1776,0.05,2.64335456,0.11075735,4,12
778,1777,0.05,3.64569638,0.10939523,4,8
779,1778,0.05,2.34246619,0.11291018,4,3
780,1779,0.05,2.08072298,0.11596479,5,1
781,1780,0.05,2.96274079,0.11591493,5,1
782,1781,0.05,3.73759057,0.11524029,4,12
783,1782,0.05,2.90626135,0.11062573,4,5
784,1783,0.05,0.84919868,0.0925981,4,5
785,1784,0.05,1.53149022,0.12295869,4,12
786,1785,0.05,2.9961356,0.09257909,4,0
787,1786,0.05,3.65445263,0.10905053,4,3
788,1787,0.05,2.10509532,0.10564731,4,3
789,1788,0.05,2.62117578,0.09880435,4,1
790,1789,0.05,3.73644144,0.10894591,4,12
791,1790,0.05,2.72100564,0.10153646,4,3
792,1791,0.05,1.99046108,0.09788068,4,0
793,1792,0.05,2.03458966,0.10427382,4,12
794,1793,0.05,1.44298317,0.08822493,4,3
795,1794,0.05,1.79250648,0.10365531,4,3
796,1795,0.05,2.94023094,0.08993077,4,3
797,1796,0.05,3.02936042,0.10168442,4,5
798,1797,0.05,1.39600132,0.10139448,4,5
799,1798,0.05,2.87604858,0.10663281,4,8
800,1799,0.05,2.73654817,0.1051881,5,12
801,1800,0.05,2.46209776,0.1008798,4,5
802,1801,0.05,2.70299654,0.11591367,4,8
803,1802,0.05,3.69726069,0.10906744,4,3
804,1803,0.05,2.90637878,0.09269881,5,0
805,1804,0.05,2.56971883,0.10660533,4,1
806,1805,0.05,3.05637571,0.11006324,4,8
807,1806,0.05,2.72948195,0.10618692,4,12
808,1807,0.05,3.82199186,0.0919135,4,5
809,1808,0.05,1.88428871,0.0988168,4,5
810,1809,0.05,3.69125507,0.09458342,4,0
811,1810,0.05,3.6864893,0.11523156,4,12
812,1811,0.05,1.68356091,0.11144301,4,5
813,1812,0.05,1.51579036,0.12192976,4,3
814,1813,0.05,2.88158494,0.10525094,4,0
815,1814,0.05,3.72468889,0.10557928,4,1
816,1815,0.05,1.90415372,0.08595024,4,8
817,1816,0.05,2.04500851,0.10653045,5,0
818,1817,0.05,-0.05036121,0.0981528,5,0
819,1818,0.05,3.80667643,0.10575514,4,0
820,1819,0.05,3.70027549,0.10352096,4,8
821,1820,0.05,2.80582393,0.09472228,4,12
822,1821,0.05,1.76995384,0.1108078,4,3
823,1822,0.05,-0.0841728,0.10370943,5,8
824,1823,0.05,3.63571274,0.11821647,4,8
825,1824,0.05,2.47388863,0.10362503,4,3
826,1825,0.05,0.76238894,0.09402315,4,12
827,1826,0.05,2.85576456,0.10244932,4,5
828,1827,0.05,3.91634619,0.08837784,4,3
829,1828,0.05,1.16176006,0.12130211,4,3
830,1829,0.05,1.42860876,0.10194102,4,12
831,1830,0.05,2.49750679,0.11276988,4,3
832,1831,0.05,1.67939512,0.10262119,5,12
833,1832,0.05,3.73413799,0.11328403,4,0
834,1833,0.05,1.0249146,0.11117108,5,12
835,1834,0.05,1.04060108,0.10608097,4,12
836,1835,0.05,3.63495712,0.08336713,4,1
837,1836,0.05,3.56626278,0.10186268,4,8
838,1837,0.05,2.06598866,0.10285226,4,8
839,1838,0.05,2.75011487,0.10064671,4,1
840,1839,0.05,3.6326494,0.10162353,4,5
841,1840,0.05,1.74134005,0.09422324,4,8
842,1841,0.05,2.64104834,0.08995889,4,1
843,1842,0.05,3.07630952,0.08978635,4,5
844,1843,0.05,1.61726984,0.09670827,4,3
845,1844,0.05,2.79243586,0.11552259,4,1
846,1845,0.05,1.55139205,0.11017699,4,12
847,1846,0.05,-0.21798173,0.10907196,4,12
848,1847,0.05,1.89178618,0.10669044,4,0
849,1848,0.05,1.86129691,0.10679659,4,0
850,1849,0.05,1.80206031,0.09852526,4,8
851,1850,0.05,3.75032001,0.10699643,4,0
852,1851,0.05,2.89685938,0.10221345,5,8
853,1852,0.05,2.50200533,0.11176949,4,12
854,1853,0.05,2.7442047,0.12551181,4,12
855,1854,0.05,0.95327304,0.09502139,4,3
856,1855,0.05,2.73600391,0.11656437,4,1
857,1856,0.05,3.8803347,0.09980243,4,0
858,1857,0.05,2.69964707,0.09941021,4,0
859,1858,0.05,2.51960443,0.09439967,4,3
860,1859,0.05,3.9271014,0.10141946,5,0
861,1860,0.05,2.66691228,0.10375674,4,0
862,1861,0.05,2.45350463,0.09044066,4,5
863,1862,0.05,1.86059059,0.10482218,4,12
864,1863,0.05,1.90744199,0.10353142,4,3
865,1864,0.05,2.9915655,0.09506347,4,1
866,1865,0.05,1.87113443,0.10324434,4,12
867,1866,0.05,3.70784615,0.11729301,4,0
868,1867,0.05,1.57644078,0.09874684,4,1
869,1868,0.05,2.87384703,0.10509148,4,12
870,1869,0.05,1.12688315,0.10099477,4,5
871,1870,0.05,1.57523489,0.10575562,4,5
872,1871,0.05,2.82245785,0.11751674,4,3
873,1872,0.05,3.67431061,0.09251951,4,3
874,1873,0.05,2.47746404,0.10428676,4,3
875,1874,0.05,3.75324907,0.10000225,4,0
876,1875,0.05,2.55559937,0.09461741,4,8
877,1876,0.05,2.72816316,0.10939384,4,3
878,1877,0.05,1.52039397,0.11550262,4,3
879,1878,0.05,3.88133672,0.10404069,4,0
880,1879,0.05,3.1877503,0.09833333,4,8
881,1880,0.05,2.59468368,0.07855873,4,12
882,1881,0.05,2.76166727,0.10681187,4,3
883,1882,0.05,3.68794071,0.09721646,4,1
884,1883,0.05,1.75142233,0.11539601,4,8
885,1884,0.05,3.74692506,0.10838681,4,3
886,1885,0.05,2.87138876,0.10256656,4,3
887,1886,0.05,2.98460191,0.0947176,4,12
888,1887,0.05,3.75669209,0.11103166,4,5
889,1888,0.05,3.75319194,0.09205182,4,5
890,1889,0.05,3.73158315,0.0966037,4,0
891,1890,0.05,2.1217367,0.10465292,5,0
892,1891,0.05,3.95867086,0.1092168,5,0
893,1892,0.05,2.78931726,0.10266378,4,0
894,1893,0.05,0.56602374,0.10322131,4,12
895,1894,0.05,3.66803354,0.11269443,4,0
896,1895,0.05,1.04943797,0.11865696,5,8
897,1896,0.05,2.76091326,0.10706996,5,1
898,1897,0.05,2.51454162,0.11523143,4,12
899,1898,0.05,2.67891774,0.11753662,4,3
900,1899,0.05,-0.17866395,0.1070445,4,1
901,1900,0.05,3.76855764,0.10957679,4,5
902,1901,0.05,2.73594924,0.12216925,4,12
903,1902,0.05,3.83144976,0.09782073,4,0
904,1903,0.05,2.42363619,0.11117323,5,3
905,1904,0.05,3.00453568,0.10939932,4,1
906,1905,0.05,3.7559262,0.10012439,4,3
907,1906,0.05,3.63676156,0.10333434,4,12
908,1907,0.05,1.71501148,0.10610717,5,0
909,1908,0.05,0.20890591,0.1010322,5,8
910,1909,0.05,0.79126885,0.09375788,4,3
911,1910,0.05,3.28250335,0.12223176,4,5
912,1911,0.05,1.95124182,0.11156393,4,12
913,1912,0.05,1.74707956,0.10577645,4,5
914,1913,0.05,1.96856248,0.12350167,4,3
915,1914,0.05,1.83733974,0.10645728,4,1
916,1915,0.05,3.75589065,0.12185646,4,3
917,1916,0.05,2.72076864,0.10834054,4,1
918,1917,0.05,3.0151365,0.10799463,5,1
919,1918,0.05,3.21674457,0.09455411,4,1
920,1919,0.05,2.83963248,0.1037124,5,8
921,1920,0.05,1.67950714,0.11285097,4,3
922,1921,0.05,0.7574052,0.09863719,4,1
923,1922,0.05,2.03157188,0.11881542,4,8
924,1923,0.05,1.44108855,0.10775503,4,12
925,1924,0.05,3.65637122,0.1180968,4,3
926,1925,0.05,3.67247533,0.10427455,4,8
927,1926,0.05,2.58754486,0.1035016,4,1
928,1927,0.05,1.61445671,0.09817753,4,3
929,1928,0.05,2.53325231,0.10220687,4,3
930,1929,0.05,1.91119324,0.12702838,4,0
931,1930,0.05,1.66793419,0.10266556,4,1
932,1931,0.05,2.49687192,0.10606057,4,3
933,1932,0.05,0.89899137,0.08245775,5,8
934,1933,0.05,3.62613521,0.1148039,4,8
935,1934,0.05,2.54587738,0.11493703,4,8
936,1935,0.05,2.67414341,0.10039788,4,3
937,1936,0.05,2.07303655,0.09434855,4,3
938,1937,0.05,1.54444386,0.11486755,4,5
939,1938,0.05,2.65684877,0.10043515,4,3
940,1939,0.05,2.77463303,0.0943438,4,1
941,1940,0.05,2.95211227,0.10764094,4,5
942,1941,0.05,2.80041297,0.09895014,4,3
943,1942,0.05,2.97999698,0.11154583,4,3
944,1943,0.05,2.5223461,0.09235542,4,12
945,1944,0.05,1.84168972,0.12334462,4,0
946,1945,0.05,2.79054695,0.108601,4,8
947,1946,0.05,2.22445699,0.09690698,4,1
948,1947,0.05,3.68630951,0.10189917,4,12
949,1948,0.05,1.85368044,0.09512016,4,0
950,1949,0.05,2.96705201,0.10792872,5,1
951,1950,0.05,3.78627493,0.10389508,4,8
952,1951,0.05,2.76714045,0.10913736,4,5
953,1952,0.05,2.13833077,0.10414072,4,3
954,1953,0.05,2.5127768,0.10365118,4,5
955,1954,0.05,2.08022692,0.08425257,4,5
956,1955,0.05,0.57037405,0.1059943,4,1
957,1956,0.05,3.71801406,0.10646818,4,3
958,1957,0.05,3.9180803,0.10575711,5,1
959,1958,0.05,1.67586011,0.10869922,4,5
960,1959,0.05,1.09683439,0.09124952,5,3
961,1960,0.05,3.67379982,0.10748653,4,1
962,1961,0.05,2.0221004,0.1140194,4,3
963,1962,0.05,1.90413248,0.10822389,4,0
964,1963,0.05,0.88173405,0.11371085,4,8
965,1964,0.05,2.96433858,0.09212354,4,8
966,1965,0.05,2.6621764,0.10626427,4,12
967,1966,0.05,1.11254373,0.09502024,4,0
968,1967,0.05,3.74947243,0.11434274,4,12
969,1968,0.05,2.84735611,0.09642913,4,12
970,1969,0.05,1.7419051,0.1182234,4,8
971,1970,0.05,3.00908093,0.09554446,4,1
972,1971,0.05,2.87489823,0.12501602,4,5
973,1972,0.05,2.69963327,0.10431763,4,3
974,1973,0.05,1.62941634,0.11079448,5,12
975,1974,0.05,1.31897443,0.1122098,4,12
976,1975,0.05,2.88608612,0.11706093,5,1
977,1976,0.05,2.96488898,0.10880615,4,3
978,1977,0.05,1.78217199,0.10452347,4,12
979,1978,0.05,1.85518082,0.11606329,5,12
980,1979,0.05,2.82288939,0.10379281,4,1
981,1980,0.05,2.62762186,0.10865556,4,3
982,1981,0.05,1.62006829,0.11862583,5,1
983,1982,0.05,2.86163246,0.09859765,5,1
984,1983,0.05,2.00631599,0.11348977,4,1
985,1984,0.05,1.97398844,0.10380423,4,8
986,1985,0.05,2.98031561,0.10531013,5,1
987,1986,0.05,3.69850544,0.11497293,4,5
988,1987,0.05,0.6626477,0.11346344,4,3
989,1988,0.05,3.6982507,0.10548822,4,3
990,1989,0.05,2.46222827,0.09872011,4,12
991,1990,0.05,2.47875804,0.10421364,4,5
992,1991,0.05,0.71215251,0.10497753,4,12
993,1992,0.05,2.1347461,0.09814004,5,8
994,1993,0.05,2.71203574,0.0926387,4,3
995,1994,0.05,1.76276935,0.1075279,4,5
996,1995,0.05,3.78065411,0.08804545,4,0
997,1996,0.05,2.80163095,0.12657268,4,12
998,1997,0.05,3.57637798,0.10146524,4,1
999,1998,0.05,1.95521558,0.08905947,5,1
1000,1999,0.05,0.81916347,0.1105755,5,1
1001,2000,0.05,2.59353872,0.10200098,4,0
1002,2001,0.05,3.63704339,0.1057688,4,8
1003,2002,0.05,2.23969121,0.11693509,4,3
1004,2003,0.05,3.09199675,0.11055417,5,12
1005,2004,0.05,1.90973503,0.1003625,4,5
1006,2005,0.05,1.55264385,0.12085968,4,12
1007,2006,0.05,1.69909976,0.10669959,4,3
1008,2007,0.05,3.78357663,0.10508241,4,1
1009,2008,0.05,2.82020244,0.11931181,4,3
1010,2009,0.05,3.78202828,0.10020839,4,0
1011,2010,0.05,2.90408036,0.09691589,4,12
1012,2011,0.05,2.7475612,0.09918345,4,8
1013,2012,0.05,-0.11393119,0.11559235,5,12
1014,2013,0.05,3.7570091,0.09234664,4,5
1015,2014,0.05,2.88621126,0.10103069,5,1
1016,2015,0.05,3.69493874,0.10465043,4,8
1017,2016,0.05,2.64529922,0.11739089,4,12
1018,2017,0.05,2.00518724,0.11553433,4,5
1019,2018,0.05,2.05719319,0.12659247,4,0
1020,2019,0.05,3.91247287,0.12217233,5,8
1021,2020,0.05,2.92835306,0.12471556,4,5
1022,2021,0.05,2.81657587,0.10365227,4,1
1023,2022,0.05,2.94206923,0.09892077,4,3
1024,2023,0.05,3.92284959,0.10374515,4,8
1025,2024,0.05,2.97380461,0.08939144,4,3
1026,2025,0.05,1.67692097,0.11005513,4,8
1027,2026,0.05,-0.03204177,0.10130389,5,3
1028,2027,0.05,2.90863835,0.09005004,4,12
1029,2028,0.05,3.68266034,0.09962096,4,8
1030,2029,0.05,3.01928891,0.09753309,4,5
1031,2030,0.05,2.93622859,0.11826703,4,5
1032,2031,0.05,2.96453949,0.09536134,5,12
1033,2032,0.05,1.61520389,0.10283075,4,12
1034,2033,0.05,2.49532578,0.10790814,4,5
1035,2034,0.05,2.9118514,0.10787056,4,0
1036,2035,0.05,3.69234778,0.0944198,4,5
1037,2036,0.05,2.6911535,0.12374861,4,0
1038,2037,0.05,2.89189503,0.11169903,4,8
1039,2038,0.05,2.02008538,0.08738448,5,0
1040,2039,0.05,1.08938036,0.08872636,4,5
1041,2040,0.05,0.57693036,0.1009096,4,0
1042,2041,0.05,2.84203626,0.12530273,4,8
1043,2042,0.05,3.66689819,0.10318306,4,12
1044,2043,0.05,3.65660273,0.09827504,4,8
1045,2044,0.05,0.97132013,0.1054182,4,0
1046,2045,0.05,2.07849152,0.09480533,4,12
1047,2046,0.05,2.46462769,0.11304618,4,5
1048,2047,0.05,0.56832473,0.09255731,5,1
1049,2048,0.05,3.43337036,0.09169763,5,0
1050,2049,0.05,2.424481,0.0964039,4,12
1051,2050,0.05,3.81938546,0.10104404,4,5
1052,2051,0.05,2.63629312,0.11085375,4,8
1053,2052,0.05,2.49279332,0.10320656,4,0
1054,2053,0.05,3.78654217,0.10129285,4,0
1055,2054,0.05,3.71080386,0.10454115,4,1
1056,2055,0.05,3.10917529,0.09899378,5,1
1057,2056,0.05,3.04685907,0.09903036,4,1
1058,2057,0.05,2.53808041,0.09962577,4,12
1059,2058,0.05,2.66893711,0.08689953,4,0
1060,2059,0.05,3.84902414,0.08984014,4,12
1061,2060,0.05,1.01321469,0.10866156,4,8
1062,2061,0.05,2.70277473,0.10218857,4,8
1063,2062,0.05,2.7245526,0.09386637,4,1
1064,2063,0.05,1.69989706,0.10350911,5,5
1065,2064,0.05,2.28488178,0.09867267,4,3
1066,2065,0.05,2.8859318,0.11202844,4,1
1067,2066,0.05,0.8056163,0.09406851,4,12
1068,2067,0.05,2.48034612,0.08802047,4,3
1069,2068,0.05,3.99513337,0.10632479,5,0
1070,2069,0.05,2.83882031,0.11109214,4,1
1071,2070,0.05,1.64265625,0.12809772,4,3
1072,2071,0.05,1.7079342,0.0918112,4,3
1073,2072,0.05,3.67986688,0.10401342,4,3
1074,2073,0.05,2.09546702,0.0946181,4,12
1075,2074,0.05,0.69350708,0.08434754,4,12
1076,2075,0.05,1.83158065,0.1076006,4,5
1077,2076,0.05,2.67166413,0.09321762,4,3
1078,2077,0.05,2.47736057,0.10127126,4,1
1079,2078,0.05,3.65603967,0.09006444,4,12
1080,2079,0.05,2.52015654,0.09866693,4,8
1081,2080,0.05,3.04935329,0.09534781,5,1
1082,2081,0.05,3.69838144,0.09234582,4,8
1083,2082,0.05,4.04063763,0.08906679,5,0
1084,2083,0.05,0.97271951,0.09147083,4,5
1085,2084,0.05,1.13501591,0.10666411,5,1
1086,2085,0.05,1.97217899,0.10755439,4,8
1087,2086,0.05,3.73088832,0.11144769,4,12
1088,2087,0.05,2.58616917,0.08968695,4,5
1089,2088,0.05,2.73395354,0.0915553,4,1
1090,2089,0.05,2.82846994,0.10783738,4,12
1091,2090,0.05,2.69041267,0.0919612,4,8
1092,2091,0.05,3.74591859,0.10997134,4,1
1093,2092,0.05,2.95712252,0.10024288,4,1
1094,2093,0.05,1.65213216,0.09263363,4,5
1095,2094,0.05,2.80584973,0.09746973,4,5
1096,2095,0.05,3.0180096,0.10240004,5,0
1097,2096,0.05,1.88970454,0.09118981,4,12
1098,2097,0.05,1.68290919,0.09615025,4,12
1099,2098,0.05,3.66644598,0.08932173,4,12
1100,2099,0.05,1.86874058,0.11435522,4,5
1101,2100,0.05,2.98949194,0.07727843,5,12
1102,2101,0.05,1.09806845,0.08809486,5,3
1103,2102,0.05,2.87808393,0.09790685,4,1
1104,2103,0.05,2.36279826,0.10679692,4,3
1105,2104,0.05,1.70312017,0.0975283,4,12
1106,2105,0.05,3.15022789,0.11047653,4,1
1107,2106,0.05,3.75747502,0.11350972,4,5
1108,2107,0.05,3.75760041,0.1266707,4,1
1109,2108,0.05,1.61484558,0.08869727,4,5
1110,2109,0.05,2.48158414,0.10119982,4,3
1111,2110,0.05,2.90255172,0.1045254,4,12
1112,2111,0.05,-0.15232522,0.08855326,5,5
1113,2112,0.05,2.41852125,0.11089134,4,1
1114,2113,0.05,3.85728482,0.10895471,4,0
1115,2114,0.05,3.86090963,0.08937697,4,3
1116,2115,0.05,1.95850354,0.11999846,4,1
1117,2116,0.05,3.76450775,0.10043507,4,12
1118,2117,0.05,0.78988392,0.11433358,4,8
1119,2118,0.05,2.84320527,0.1073052,4,12
1120,2119,0.05,4.06405909,0.10362004,5,0
1121,2120,0.05,3.83777775,0.10035706,4,0
1122,2121,0.05,2.69737154,0.10283178,4,3
1123,2122,0.05,3.81700182,0.09753907,4,1
1124,2123,0.05,3.71117675,0.12310859,4,5
1125,2124,0.05,2.71463576,0.11762863,4,0
1126,2125,0.05,1.43834081,0.10641402,4,5
1127,2126,0.05,2.84303679,0.13335596,5,1
1128,2127,0.05,1.78146314,0.09795186,4,8
1129,2128,0.05,3.00022238,0.11133787,4,12
1130,2129,0.05,3.8096245,0.09021437,4,5
1131,2130,0.05,3.72848521,0.10521247,4,3
1132,2131,0.05,2.65759676,0.12321272,4,8
1133,2132,0.05,4.02302366,0.09369492,5,1
1134,2133,0.05,2.83575972,0.08534111,4,8
1135,2134,0.05,2.82017128,0.09451777,4,12
1136,2135,0.05,2.84276477,0.10961912,4,1
1137,2136,0.05,1.64487698,0.10975377,4,3
1138,2137,0.05,0.59917338,0.10797034,4,5
1139,2138,0.05,3.83604748,0.11044279,4,1
1140,2139,0.05,2.93154422,0.11370003,4,3
1141,2140,0.05,1.47877338,0.10808487,4,5
1142,2141,0.05,2.50137711,0.11740002,4,5
1143,2142,0.05,3.01330365,0.12771734,4,8
1144,2143,0.05,2.93495302,0.11363264,4,5
1145,2144,0.05,3.60276879,0.12655165,4,12
1146,2145,0.05,3.88160624,0.10649799,5,0
1147,2146,0.05,2.51105755,0.11592277,4,12
1148,2147,0.05,2.8643444,0.09993529,4,3
1149,2148,0.05,1.6439504,0.10619951,4,3
1150,2149,0.05,2.12221453,0.10278841,4,5
1151,2150,0.05,2.61148152,0.11208631,4,12
1152,2151,0.05,3.90725226,0.10919075,4,5
1153,2152,0.05,2.41735939,0.1133907,4,12
1154,2153,0.05,2.80844172,0.10013619,4,1
1155,2154,0.05,1.73968354,0.10874407,5,0
1156,2155,0.05,2.31121948,0.1078616,4,5
1157,2156,0.05,3.73758862,0.11403149,4,5
1158,2157,0.05,2.68378543,0.08432522,4,1
1159,2158,0.05,1.99552906,0.10780677,4,0
1160,2159,0.05,3.6880444,0.09261252,4,1
1161,2160,0.05,2.64507941,0.10844886,4,3
1162,2161,0.05,0.63533604,0.10155667,4,8
1163,2162,0.05,1.89339724,0.09162267,4,5
1164,2163,0.05,3.77080825,0.09627903,4,5
1165,2164,0.05,0.85817433,0.11150651,5,3
1166,2165,0.05,2.87525152,0.10538203,4,8
1167,2166,0.05,3.77008936,0.11516229,4,5
1168,2167,0.05,2.96061746,0.1037497,4,5
1169,2168,0.05,3.08342847,0.09211995,4,3
1170,2169,0.05,0.6083044,0.11546361,4,3
1171,2170,0.05,3.76080065,0.10541651,4,0
1172,2171,0.05,1.73306847,0.10175512,4,5
1173,2172,0.05,2.81276328,0.0905879,4,3
1174,2173,0.05,0.51352958,0.11080408,4,8
1175,2174,0.05,3.72314443,0.13556025,4,3
1176,2175,0.05,2.73238749,0.10330061,5,0
1177,2176,0.05,3.77475385,0.10978188,4,12
1178,2177,0.05,2.36601052,0.10676628,4,5
1179,2178,0.05,1.53343518,0.11621004,4,3
1180,2179,0.05,2.98671888,0.11248933,4,5
1181,2180,0.05,2.91010216,0.10680997,4,5
1182,2181,0.05,2.92547318,0.11419599,4,5
1183,2182,0.05,3.02320339,0.11224231,4,0
1184,2183,0.05,2.66534125,0.10680631,4,1
1185,2184,0.05,1.79033115,0.09511875,4,8
1186,2185,0.05,1.6398997,0.1234838,4,12
1187,2186,0.05,3.95966412,0.10400168,5,0
1188,2187,0.05,3.76863069,0.11550406,4,8
1189,2188,0.05,2.79941072,0.0972088,4,12
1190,2189,0.05,2.99259341,0.10623567,4,3
1191,2190,0.05,2.70537407,0.10529083,4,1
1192,2191,0.05,4.03986121,0.10464594,5,0
1193,2192,0.05,1.94269039,0.10899072,5,0
1194,2193,0.05,2.03459154,0.10464339,5,0
1195,2194,0.05,3.83893069,0.11244828,4,3
1196,2195,0.05,3.12203518,0.10985487,4,0
1197,2196,0.05,3.62508671,0.1116168,4,0
1198,2197,0.05,3.80004642,0.0910903,4,5
1199,2198,0.05,1.8180306,0.11817748,4,8
1200,2199,0.05,2.65871314,0.11613621,4,0
1201,2200,0.05,2.51297936,0.11210938,4,8
1202,2201,0.05,2.69186511,0.09713634,4,12
1203,2202,0.05,3.78835356,0.10402233,4,1
1204,2203,0.05,1.95250571,0.09926672,4,5
1205,2204,0.05,0.8009764,0.10914185,4,5
1206,2205,0.05,2.01191115,0.09755829,4,12
1207,2206,0.05,2.96082978,0.12046835,5,8
1208,2207,0.05,1.80503048,0.11593954,4,12
1209,2208,0.05,0.753751,0.10131119,5,1
1210,2209,0.05,0.615095,0.1045673,4,5
1211,2210,0.05,2.64468696,0.1018073,4,3
1212,2211,0.05,1.97033273,0.0945548,4,8
1213,2212,0.05,2.62584232,0.11164342,4,8
1214,2213,0.05,2.89221322,0.11348682,4,1
1215,2214,0.05,2.86484197,0.09689383,4,12
1216,2215,0.05,2.41477004,0.10644718,4,5
1217,2216,0.05,3.71467048,0.0992235,4,5
1218,2217,0.05,2.98062949,0.09185409,4,3
1219,2218,0.05,4.11279924,0.12789416,5,8
1220,2219,0.05,2.38740781,0.10403364,4,5
1221,2220,0.05,3.01926174,0.10383741,4,12
1222,2221,0.05,1.3935449,0.08595037,4,5
1223,2222,0.05,3.75705199,0.12403751,4,0
1224,2223,0.05,3.1273445,0.10787301,4,3
1225,2224,0.05,0.99462673,0.10225089,5,8
1226,2225,0.05,2.84189518,0.10674073,4,5
1227,2226,0.05,2.95315884,0.09229464,4,8
1228,2227,0.05,2.01429893,0.09957945,5,12
1229,2228,0.05,3.02903649,0.09554466,4,3
1230,2229,0.05,1.52775406,0.11318787,4,3
1231,2230,0.05,2.84568389,0.10326689,4,3
1232,2231,0.05,1.10260635,0.10929273,4,3
1233,2232,0.05,2.99126079,0.10073834,4,12
1234,2233,0.05,1.6705973,0.10721116,4,8
1235,2234,0.05,3.82420906,0.11293015,4,3
1236,2235,0.05,2.00144534,0.10808428,4,0
1237,2236,0.05,1.09444214,0.10024901,4,3
1238,2237,0.05,3.87781855,0.10597517,4,5
1239,2238,0.05,3.7147126,0.10416289,4,12
1240,2239,0.05,3.83699357,0.10427915,4,12
1241,2240,0.05,2.06668289,0.09163321,4,8
1242,2241,0.05,3.76480119,0.10063689,4,3
1243,2242,0.05,3.69924533,0.09815709,4,1
1244,2243,0.05,0.65543824,0.10180959,4,5
1245,2244,0.05,2.72984236,0.10179584,4,12
1246,2245,0.05,2.9484702,0.11518548,4,3
1247,2246,0.05,2.84559509,0.12312977,4,0
1248,2247,0.05,2.83420178,0.10769987,4,5
1249,2248,0.05,2.81961921,0.10831265,4,1
1250,2249,0.05,3.75336087,0.11199165,4,12
1251,2250,0.05,3.79785552,0.10235271,4,0
1252,2251,0.05,1.71407593,0.09408284,4,12
1253,2252,0.05,1.40792375,0.09728681,4,12
1254,2253,0.05,3.90935138,0.09374035,4,12
1255,2254,0.05,2.87355688,0.09774817,4,12
1256,2255,0.05,3.15229778,0.10363389,4,5
1257,2256,0.05,3.74605257,0.12125926,4,12
1258,2257,0.05,1.99822657,0.10944768,5,1
1259,2258,0.05,3.79662053,0.10708477,4,0
1260,2259,0.05,0.83979667,0.08940912,4,5
1261,2260,0.05,3.6941625,0.11191842,4,3
1262,2261,0.05,1.75023014,0.11387935,5,1
1263,2262,0.05,3.77150283,0.10595329,4,5
1264,2263,0.05,2.56962012,0.11443975,4,1
1265,2264,0.05,3.89331032,0.09907286,5,0
1266,2265,0.05,2.96718164,0.11385048,4,8
1267,2266,0.05,1.81128506,0.10701946,4,5
1268,2267,0.05,3.7290283,0.09913421,4,12
1269,2268,0.05,3.70914551,0.10495683,4,3
1270,2269,0.05,1.29241125,0.10152351,4,5
1271,2270,0.05,2.54585846,0.10065131,4,3
1272,2271,0.05,3.76650356,0.09616753,4,12
1273,2272,0.05,2.62817195,0.09207139,4,8
1274,2273,0.05,2.58033766,0.10132119,4,1
1275,2274,0.05,1.88075104,0.10190264,4,0
1276,2275,0.05,2.3356279,0.10463304,4,1
1277,2276,0.05,2.87685955,0.10437805,4,8
1278,2277,0.05,1.82009832,0.10501952,4,1
1279,2278,0.05,3.68828704,0.08796812,4,5
1280,2279,0.05,3.7293651,0.11057306,4,0
1281,2280,0.05,1.60647787,0.10133434,5,12
1282,2281,0.05,4.06853199,0.10517619,5,5
1283,2282,0.05,1.63351514,0.11493026,4,12
1284,2283,0.05,1.74981001,0.0992056,4,8
1285,2284,0.05,0.95358995,0.11087883,4,12
1286,2285,0.05,2.74239523,0.10838128,4,8
1287,2286,0.05,3.87306206,0.10236366,4,1
1288,2287,0.05,1.64516876,0.1019716,4,8
1289,2288,0.05,2.95722998,0.09709985,4,12
1290,2289,0.05,3.57559865,0.08573702,4,1
1291,2290,0.05,3.80515311,0.10172519,4,0
1292,2291,0.05,2.78561201,0.11210221,4,1
1293,2292,0.05,2.90429222,0.09887804,5,0
1294,2293,0.05,3.17150447,0.10132597,4,0
1295,2294,0.05,3.94565182,0.09762841,5,1
1296,2295,0.05,2.77842223,0.09558158,4,12
1297,2296,0.05,2.98027806,0.10365523,4,8
1298,2297,0.05,1.40943201,0.09930163,4,5
1299,2298,0.05,4.01734498,0.100577,5,12
1300,2299,0.05,3.71513839,0.09623319,4,1
1301,2300,0.05,2.41863243,0.09748303,4,0
1302,2301,0.05,1.46015019,0.10747724,4,8
1303,2302,0.05,2.49580376,0.09604735,4,3
1304,2303,0.05,3.01161561,0.09969616,5,0
1305,2304,0.05,3.78825975,0.10789103,4,1
1306,2305,0.05,3.03840934,0.11178844,4,12
1307,2306,0.05,3.03711955,0.09428807,5,1
1308,2307,0.05,1.82938102,0.10972428,4,12
1309,2308,0.05,3.73030139,0.10382377,4,8
1310,2309,0.05,2.78349791,0.09714304,4,8
1311,2310,0.05,3.91808712,0.10552141,5,1
1312,2311,0.05,3.79557523,0.11163794,4,1
1313,2312,0.05,2.89354341,0.11933203,4,5
1314,2313,0.05,3.70836816,0.13886613,4,0
1315,2314,0.05,1.02278179,0.09723661,4,8
1316,2315,0.05,3.64256113,0.09661699,4,8
1317,2316,0.05,2.20348079,0.10265925,4,0
1318,2317,0.05,1.5837672,0.10200489,4,8
1319,2318,0.05,1.78064866,0.09778045,5,12
1320,2319,0.05,0.76254982,0.10660093,4,5
1321,2320,0.05,2.77736334,0.09435005,4,1
1322,2321,0.05,3.85352447,0.09322435,4,8
1323,2322,0.05,2.73779779,0.1040618,4,8
1324,2323,0.05,3.76039863,0.11767142,4,8
1325,2324,0.05,1.9459479,0.11388944,4,5
1326,2325,0.05,3.16210283,0.09130412,4,1
1327,2326,0.05,2.88343462,0.09612389,4,12
1328,2327,0.05,2.82868767,0.1283141,4,3
1329,2328,0.05,2.76910836,0.1159016,4,1
1330,2329,0.05,1.9471463,0.09641368,4,8
1331,2330,0.05,1.80350017,0.08432423,5,1
1332,2331,0.05,1.96831758,0.11671719,4,1
1333,2332,0.05,2.92283752,0.10086732,4,1
1334,2333,0.05,2.07179961,0.09828571,5,0
1335,2334,0.05,2.93652674,0.10820029,4,8
1336,2335,0.05,2.91276902,0.10688539,4,3
1337,2336,0.05,2.84188777,0.12426078,4,0
1338,2337,0.05,2.93421468,0.10222751,4,5
1339,2338,0.05,3.70388005,0.09601582,4,12
1340,2339,0.05,2.47747779,0.09482384,4,3
1341,2340,0.05,2.90229167,0.08233469,4,5
1342,2341,0.05,2.78484185,0.1259136,4,5
1343,2342,0.05,2.90524419,0.10059032,4,8
1344,2343,0.05,3.00770902,0.10337155,4,0
1345,2344,0.05,1.97907123,0.08361033,4,5
1346,2345,0.05,2.68625632,0.10295499,4,0
1347,2346,0.05,2.47973188,0.10687494,4,3
1348,2347,0.05,3.59208498,0.12413091,4,12
1349,2348,0.05,2.78468304,0.10232624,4,0
1350,2349,0.05,2.56852068,0.10760335,4,3
1351,2350,0.05,1.97065471,0.09554914,4,1
1352,2351,0.05,2.3215635,0.09215439,4,12
1353,2352,0.05,1.94154321,0.11186614,5,0
1354,2353,0.05,2.78547238,0.10699589,4,1
1355,2354,0.05,3.80535056,0.10957226,4,5
1356,2355,0.05,3.69215535,0.11065326,4,5
1357,2356,0.05,2.77035688,0.10558175,4,8
1358,2357,0.05,0.80521444,0.09349078,4,12
1359,2358,0.05,3.84277618,0.10046859,4,12
1360,2359,0.05,-0.12801557,0.1071891,5,12
1361,2360,0.05,0.92481851,0.09802042,5,1
1362,2361,0.05,3.00572325,0.08767982,5,8
1363,2362,0.05,2.96173525,0.0810166,4,3
1364,2363,0.05,2.02031098,0.09713291,5,12
1365,2364,0.05,0.76875942,0.10672976,4,12
1366,2365,0.05,1.99983349,0.10318717,5,1
1367,2366,0.05,1.72865446,0.09831975,4,3
1368,2367,0.05,3.6878726,0.10053586,4,12
1369,2368,0.05,3.73830939,0.10456141,4,0
1370,2369,0.05,2.8611736,0.09712652,4,5
1371,2370,0.05,2.97296905,0.10793539,4,3
1372,2371,0.05,1.85676441,0.09871103,4,12
1373,2372,0.05,2.41143537,0.09966608,4,5
1374,2373,0.05,2.10853834,0.10461194,5,12
1375,2374,0.05,3.59450958,0.11658454,4,0
1376,2375,0.05,1.67090302,0.10391307,4,5
1377,2376,0.05,2.4559369,0.1066182,4,3
1378,2377,0.05,2.64940803,0.10915189,4,5
1379,2378,0.05,3.67133726,0.08940389,4,5
1380,2379,0.05,1.63057119,0.09079632,4,0
1381,2380,0.05,1.52761898,0.09953457,4,5
1382,2381,0.05,0.65120424,0.10376849,4,3
1383,2382,0.05,2.80355502,0.10359981,5,1
1384,2383,0.05,2.69680678,0.11163322,4,0
1385,2384,0.05,1.64704597,0.10347668,5,1
1386,2385,0.05,3.01395057,0.12094107,5,1
1387,2386,0.05,1.75035373,0.09385709,4,5
1388,2387,0.05,2.35561152,0.1024462,4,12
1389,2388,0.05,1.89388843,0.08934322,5,1
1390,2389,0.05,2.86092983,0.11297808,4,0
1391,2390,0.05,2.84591885,0.09907931,4,3
1392,2391,0.05,3.70071059,0.10727403,4,8
1393,2392,0.05,2.44646658,0.10874476,4,5
1394,2393,0.05,2.8504091,0.09098834,4,1
1395,2394,0.05,1.82182665,0.0935772,5,3
1396,2395,0.05,3.65428736,0.09202676,4,3
1397,2396,0.05,4.00013325,0.10445974,5,0
1398,2397,0.05,2.85055935,0.11740543,4,0
1399,2398,0.05,3.75957166,0.10891787,4,0
1400,2399,0.05,1.42349621,0.1133834,4,12
1401,2400,0.05,2.01199913,0.10371892,4,5
1402,2401,0.05,3.6733371,0.08377593,4,12
1403,2402,0.05,2.60309765,0.09237575,4,8
1404,2403,0.05,2.88571898,0.0981574,4,5
1405,2404,0.05,2.84770661,0.09529495,4,0
1406,2405,0.05,1.94802983,0.10727255,4,12
1407,2406,0.05,2.63048333,0.08642571,4,5
1408,2407,0.05,2.82185914,0.08713972,4,8
1409,2408,0.05,1.76106333,0.11326794,4,5
1410,2409,0.05,3.71618875,0.0975478,4,5
1411,2410,0.05,1.5578856,0.09598714,4,8
1412,2411,0.05,0.856095,0.09176568,4,1
1413,2412,0.05,2.96029346,0.09466198,5,1
1414,2413,0.05,2.60013405,0.10296067,4,5
1415,2414,0.05,3.22650056,0.12704574,4,1
1416,2415,0.05,-1.07428353,0.10795993,5,12
1417,2416,0.05,2.85363058,0.09620068,4,1
1418,2417,0.05,2.70325265,0.11192473,4,8
1419,2418,0.05,1.85126609,0.10051717,4,8
1420,2419,0.05,2.8909047,0.09862695,4,8
1421,2420,0.05,3.01412872,0.10352999,5,0
1422,2421,0.05,1.88687403,0.09613014,4,3
1423,2422,0.05,1.48034395,0.09268897,4,8
1424,2423,0.05,2.52636014,0.1115695,4,3
1425,2424,0.05,0.71340492,0.08813637,4,12
1426,2425,0.05,1.79676275,0.08268184,4,1
1427,2426,0.05,3.0028109,0.10268159,4,3
1428,2427,0.05,2.93212905,0.08576559,4,0
1429,2428,0.05,1.1792055,0.09122572,4,12
1430,2429,0.05,2.63992231,0.09155483,5,1
1431,2430,0.05,1.5347164,0.09909577,4,3
1432,2431,0.05,2.94970896,0.09547568,4,12
1433,2432,0.05,1.86514162,0.1036966,4,5
1434,2433,0.05,1.93035282,0.09662861,4,3
1435,2434,0.05,3.788347,0.09579173,4,12
1436,2435,0.05,3.73289929,0.09892581,4,8
1437,2436,0.05,1.89652306,0.09095882,4,5
1438,2437,0.05,2.77352366,0.0931003,4,8
1439,2438,0.05,0.6923802,0.10432748,4,5
1440,2439,0.05,3.66348088,0.1185144,4,12
1441,2440,0.05,2.87591968,0.08625058,4,8
1442,2441,0.05,2.53825896,0.10624773,4,8
1443,2442,0.05,3.70890502,0.10035932,4,3
1444,2443,0.05,2.95819644,0.0836626,4,5
1445,2444,0.05,3.76270865,0.1135357,4,8
1446,2445,0.05,1.53764404,0.09043061,4,3
1447,2446,0.05,3.74182486,0.09218059,4,0
1448,2447,0.05,1.68215348,0.09968587,4,5
1449,2448,0.05,3.01356694,0.12471458,5,0
1450,2449,0.05,3.76866387,0.10437751,4,0
1451,2450,0.05,3.89381871,0.11665712,4,8
1452,2451,0.05,1.52853191,0.10312018,4,3
1453,2452,0.05,2.98093258,0.09215014,5,0
1454,2453,0.05,0.82407691,0.09371699,4,1
1455,2454,0.05,1.72848898,0.1048969,5,1
1456,2455,0.05,3.1238836,0.10563262,5,0
1457,2456,0.05,2.49246517,0.09531347,4,1
1458,2457,0.05,1.75965401,0.10127327,4,1
1459,2458,0.05,1.63606067,0.09382459,4,0
1460,2459,0.05,1.94277854,0.10569601,4,12
1461,2460,0.05,2.82543377,0.10221762,4,1
1462,2461,0.05,2.73921601,0.11203695,4,8
1463,2462,0.05,2.98532133,0.10486142,4,12
1464,2463,0.05,1.89094909,0.09444412,4,12
1465,2464,0.05,2.71095353,0.09959309,4,0
1466,2465,0.05,2.39341727,0.10323757,4,1
1467,2466,0.05,1.55579396,0.09479144,4,5
1468,2467,0.05,2.63775868,0.10065499,4,3
1469,2468,0.05,3.77460869,0.10545817,4,0
1470,2469,0.05,2.99252277,0.09203949,4,5
1471,2470,0.05,3.81170577,0.10687979,4,5
1472,2471,0.05,2.96579721,0.09958435,5,0
1473,2472,0.05,3.69398407,0.12133528,4,12
1474,2473,0.05,3.61042604,0.11783233,4,1
1475,2474,0.05,2.51613906,0.10855437,4,5
1476,2475,0.05,3.73295086,0.09295383,4,12
1477,2476,0.05,1.65922561,0.11229265,4,12
1478,2477,0.05,3.72352784,0.11422822,4,3
1479,2478,0.05,1.04467666,0.1042068,4,5
1480,2479,0.05,1.66123325,0.11324872,4,3
1481,2480,0.05,2.52530948,0.09942018,4,3
1482,2481,0.05,2.60280699,0.09987933,4,5
1483,2482,0.05,2.70485564,0.09115823,4,12
1484,2483,0.05,0.66681542,0.08371315,4,5
1485,2484,0.05,2.86419515,0.12514419,4,0
1486,2485,0.05,3.76723297,0.10324479,4,0
1487,2486,0.05,1.7073619,0.09363108,4,5
1488,2487,0.05,1.75928386,0.10960896,4,1
1489,2488,0.05,0.63771767,0.10121708,4,8
1490,2489,0.05,2.84578119,0.10023411,4,5
1491,2490,0.05,3.79946617,0.10062081,4,0
1492,2491,0.05,1.76617668,0.10039872,4,12
1493,2492,0.05,3.8461879,0.13852168,4,5
1494,2493,0.05,1.46947775,0.10368945,4,12
1495,2494,0.05,2.63443971,0.10708612,4,8
1496,2495,0.05,2.87104336,0.10476682,4,12
1497,2496,0.05,2.7786024,0.10609201,4,8
1498,2497,0.05,2.44052416,0.10544124,4,1
1499,2498,0.05,2.78525432,0.10293704,4,1
1500,2499,0.05,1.72637304,0.10741052,4,8
