z_s,n,rms_e_model,rms_e_stale,cov_e,rms_total,corr_e
0.054999999701976776,10000,2.15153199684004,8.380710429373005,-3.5175494720007237,8.235915145897662,-0.1950794713037984
0.05999999865889549,10000,2.151516563529447,8.750329426276071,-3.800725655063575,8.578801622684098,-0.2018819194093293
0.06499999761581421,10000,2.154252267070005,9.067916761952993,-4.1808412469629035,8.860374412966898,-0.21402257919858125
0.07000000029802322,10000,2.1550419912997585,9.404675634379032,-4.50166806104212,9.169994201201202,-0.22211296524260346
0.07500000298023224,10000,2.156471303241773,9.690317532082561,-4.8464108122924445,9.426547657000787,-0.23192017679699786
0.07999999821186066,10000,2.151944323227236,9.952683619005155,-5.110093807161233,9.667811953899445,-0.23859296994896337
0.08500000089406967,10000,2.1496905740727006,10.207598074529097,-5.301260318957617,9.910282911071304,-0.2415903691083778
0.09000000357627869,10000,2.148072758563751,10.496008806235114,-5.543349757117574,10.183011240414773,-0.24586635755211947
0.0949999988079071,10000,2.1482050735310754,10.74517136539537,-5.813019371850053,10.413810732193916,-0.25183302732214413
0.10000000149011612,10000,2.150601599369862,11.00327723952025,-6.137661196530062,10.64997065047113,-0.25937068637611743
0.10499999672174454,10000,2.147766013824898,11.262297678343433,-6.499694479060277,10.883605050149542,-0.26870699670275355
0.10999999940395355,10000,2.1488630093008307,11.489469536386203,-6.706026723109979,11.100156260795073,-0.2716167646296422
0.11500000208616257,10000,2.148021377584482,11.729931080961588,-6.992895098513116,11.323404470637017,-0.27753831911349014
0.11999999731779099,10000,2.1493785244128567,11.987133397342365,-7.371621923852648,11.557160173640522,-0.2861111673843393
0.125,10000,2.1489110875827113,12.252237977213504,-7.700583057867535,11.803981878877725,-0.29247566642616984
0.12999999523162842,10000,2.1433108017669023,12.420817210743595,-7.93781625227307,11.958045361643718,-0.29817121717023587
0.13500000536441803,10000,2.1447891726002517,12.628413504436013,-8.209419318472353,12.15146532715213,-0.303095184504457
0.14000000059604645,10000,2.1428752063120506,12.863316432067643,-8.505236100961357,12.371190386515183,-0.3085578080607571
0.14499999582767487,10000,2.138877436854967,13.034564182332776,-8.742932027133913,12.529516992245629,-0.31359901358383235
0.15000000596046448,10000,2.136472998261634,13.2332747359807,-9.03167434431221,12.71301413597978,-0.31945047075566485
0.1550000011920929,10000,2.13070952658675,13.409598096257652,-9.235141433353961,12.87971122825106,-0.32322395617342736
0.1599999964237213,10000,2.1297683289324634,13.554063154952116,-9.454096887411504,13.013083699436166,-0.32750518445362614
0.16500000655651093,10000,2.131189795075358,13.692022373616894,-9.660324095671442,13.141263197688268,-0.33105638529181997
0.17000000178813934,10000,2.13402549504904,13.868659463490626,-9.962391721700143,13.302969468670787,-0.3366119472344154
0.17499999701976776,10000,2.137150503736104,14.05108506622377,-10.321507072199996,13.466899779439816,-0.34371472975071354
0.18000000715255737,10000,2.136846967467712,14.182053398075027,-10.445320416132695,13.594341201984081,-0.34467455986450224
0.1850000023841858,10000,2.133264890833531,14.355239505841944,-10.62617440012989,13.761227109683514,-0.3469937966776027
0.1899999976158142,10000,2.1283316942212838,14.53165285561215,-10.823012952857445,13.930280133971918,-0.34994021255021585
0.19499999284744263,10000,2.1284935021296367,14.728594195658475,-11.127746383089304,14.114052529405367,-0.3549552414954543
0.20000000298023224,10000,2.1358111277493124,14.913783198914022,-11.5197835705514,14.280863115950842,-0.3616543135639197
0.20499999821186066,10000,2.136730714349212,15.037289672167622,-11.775709268653687,14.392160376156701,-0.36649471482564744
0.20999999344348907,10000,2.1325167892739447,15.173089413484362,-11.91218249190179,14.523976907938229,-0.3681500484401316
0.2150000035762787,10000,2.13401276092181,15.30426364530284,-12.162867935580165,14.6440691174808,-0.3724144644438281
0.2199999988079071,10000,2.136891227745974,15.472940229139999,-12.496882462866003,14.79812212843321,-0.3779605054014564
0.22499999403953552,10000,2.135630526603958,15.613426453189373,-12.714280399117772,14.930219106131057,-0.381300560084746
0.23000000417232513,10000,2.1350164010287407,15.769943702636546,-12.90027443093711,15.081408109162538,-0.3831489067693801
0.23499999940395355,10000,2.1362785353192435,15.915529235517687,-13.105806458360902,15.22025439703168,-0.3854648563344003
0.23999999463558197,10000,2.1325979981106524,16.05584994228739,-13.282916409714526,15.354883873587795,-0.38792801289654405
0.24500000476837158,10000,2.1314857135980674,16.208609960142883,-13.526994520191316,15.498654107596987,-0.3915372771912955
0.25,10000,2.132874686854228,16.35101819303514,-13.826437699068872,15.628565992459189,-0.39646071448764714
0.2549999952316284,10000,2.130686290337838,16.465403261271586,-13.959173624055605,15.739472080600907,-0.39789439909022073
0.25999999046325684,10000,2.1319651845872074,16.595422630394474,-14.196354554155603,15.860662619241033,-0.4012438714457928
0.26499998569488525,10000,2.1328317208295755,16.753773744231538,-14.368355582670931,16.015654674628106,-0.40210347830973014
0.27000001072883606,10000,2.136310110159508,16.839904263553695,-14.574145168482207,16.093411886714986,-0.4051157958870587
0.2750000059604645,10000,2.1332209493445156,16.889923950177625,-14.55681466179032,16.14640930169694,-0.4040199573477775
0.2800000011920929,10000,2.134558379888866,16.983747799744208,-14.778362445099837,16.231059851786338,-0.4076474633923577
0.2849999964237213,10000,2.1306264720470316,17.070701649482256,-14.98304926398215,16.30896457292919,-0.41194716342558096
0.28999999165534973,10000,2.1320464934604115,17.244112469314135,-15.262964161880088,16.47358821814094,-0.41514648642098506
0.29499998688697815,10000,2.1388838547524616,17.301305181640988,-15.42932144047952,16.524265256023913,-0.4169469082285698
0.30000001192092896,10000,2.1364061284081437,17.402599772562798,-15.55801294266206,16.62223463028297,-0.41846214897749684
0.3050000071525574,10000,2.1383101113744285,17.538110166726174,-15.86502411697033,16.74597354944434,-0.4230456689815929
0.3100000023841858,10000,2.1396756237548162,17.651432495904764,-16.050782022133912,16.85377455907446,-0.42497981356602244
0.3149999976158142,10000,2.1350712504179175,17.743790273045256,-16.092037143064324,16.94746435936798,-0.42476845623869486
0.3199999928474426,10000,2.137598999766835,17.889539398534463,-16.3473510695218,17.085381097197608,-0.4274860951086599
0.32499998807907104,10000,2.133737637368489,17.93577295754863,-16.39012527524953,17.13080667509141,-0.4282734554107587
0.33000001311302185,10000,2.1394980551180365,18.05671953823976,-16.722038363776946,17.238865846770473,-0.43285104158027826
0.33500000834465027,10000,2.1420979201457175,18.132316270378077,-16.815644321561226,17.312948569940005,-0.4329332161020193
0.3400000035762787,10000,2.1428658575720285,18.248791940198384,-17.093382227772278,17.4190561427608,-0.437118209880823
0.3449999988079071,10000,2.146164536846263,18.320655843750313,-17.24122594136073,17.486280361518784,-0.4384944615821387
0.3499999940395355,10000,2.1480944150763435,18.43703553109495,-17.52734065907903,17.59215471375754,-0.4425593993787135
0.35499998927116394,10000,2.1490112294921406,18.55501800787881,-17.802366630437113,17.70034489145101,-0.44645498425040914
0.36000001430511475,10000,2.1489030446229074,18.62072150391404,-17.963375574129653,17.76013238895637,-0.44892586091776543
0.36500000953674316,10000,2.1444387212269094,18.7053757589,-18.075595494020796,17.842043288892093,-0.4506221512358717
0.3700000047683716,10000,2.1458501059680395,18.787785570732137,-18.188617713035153,17.922285677419143,-0.4511539024328441
0.375,10000,2.146621456589052,18.89155740114603,-18.408888373432173,18.01891084310646,-0.45394614887237783
0.3799999952316284,10000,2.1429715062683874,18.973707611455104,-18.492710525706592,18.099958186422818,-0.45481205908886224
0.38499999046325684,10000,2.1406688283066346,19.074794072413933,-18.65128551933863,18.196913499239486,-0.4567719509551064
0.38999998569488525,10000,2.13975592369807,19.156684370924427,-18.80681583968875,18.27412049377052,-0.4588076924464184
0.39500001072883606,10000,2.1404887341148675,19.240533307040785,-18.953396497583608,18.35410093044743,-0.46021100105080626
0.4000000059604645,10000,2.1362475779424006,19.292964275655894,-18.992876188776307,18.4064193117088,-0.46082941621037543
0.4050000011920929,10000,2.1414457675560423,19.40037251885184,-19.208530372164706,18.507922171364235,-0.4623565230712052
0.4099999964237213,10000,2.1370051780341197,19.48904638958539,-19.28473733893627,18.59624278257529,-0.4630389922563974
0.41499999165534973,10000,2.1388281767978787,19.599727168391063,-19.504569628765854,18.700661800794634,-0.46527578358176597
0.41999998688697815,10000,2.138428244080825,19.654139186605974,-19.576872457856616,18.753781421512034,-0.4657947639005055
0.42500001192092896,10000,2.14242957987097,19.74272412150235,-19.80422001102178,18.834986599953112,-0.468213691998104
0.4300000071525574,10000,2.1418124413296074,19.809351417870893,-19.95961194966163,18.896521908309335,-0.4704358391976703
0.4350000023841858,10000,2.1461392156255954,19.86380568652941,-20.1172268092022,18.94577093355242,-0.471897594836035
0.4399999976158142,10000,2.1427732832708264,19.934533018308127,-20.140157733206568,19.018327174993676,-0.47149878534963713
0.4449999928474426,10000,2.144138297040781,20.064273908811902,-20.45080152969769,19.138202984221678,-0.4753725411782988
0.44999998807907104,10000,2.145991275098825,20.120468473135602,-20.642267740454,19.1873394364705,-0.47806986229943665
0.45500001311302185,10000,2.1485175174275737,20.20529820113818,-20.908141287419905,19.262759935813225,-0.48162748505219016
0.46000000834465027,10000,2.150264808812879,20.271452852370185,-21.071984542475857,19.32385754472783,-0.48342445476576773
0.4650000035762787,10000,2.149304513331945,20.34146315888795,-21.172064284815267,19.392021678148833,-0.48426498112554706
0.4699999988079071,10000,2.147741712920924,20.386172815425354,-21.27487232241684,19.433452906804145,-0.48590258441550094
0.4749999940395355,10000,2.1488543393886097,20.44093259343577,-21.438005228372337,19.482640729750923,-0.48806390308390624
0.47999998927116394,10000,2.1463125747564185,20.42341462529981,-21.381017451106995,19.466907502817538,-0.4877609677963249
0.48500001430511475,10000,2.143574550856432,20.47248367144795,-21.396776289911905,19.517273040897862,-0.4875725198349311
0.49000000953674316,10000,2.138597985843618,20.490180891546867,-21.35261030197694,19.537550862618705,-0.4872771294504058
0.4950000047683716,10000,2.1384880347369135,20.57026920924206,-21.481682912696417,19.61493667055828,-0.4883391035679303
0.5,9995,2.1370020712727706,20.64891298364132,-21.544290407376668,19.69405505333683,-0.4882362905198084
0.5049999952316284,9995,2.135787978081912,20.718832169951682,-21.608830622723733,19.76395546262176,-0.48832375923547444
0.5099999904632568,9995,2.133092090747422,20.75611356548167,-21.664872470322866,19.799913819765372,-0.48932847986935074
0.5149999856948853,9995,2.131135616039235,20.80278767593021,-21.73715217420521,19.844984498743617,-0.49030917721073874
0.5199999809265137,9995,2.1286337631823655,20.87587058140644,-21.796122161209723,19.91835359428513,-0.4904939908652917
0.5249999761581421,9995,2.1346413682311156,20.934491256969242,-21.907108890424905,19.974869215547706,-0.4902275723904824
0.5299999713897705,9995,2.1302863822980505,20.992307519937913,-21.95373041420127,20.03266418262543,-0.4909193560895504
0.5350000262260437,9995,2.129082106813011,21.048407498875292,-22.127068156117694,20.08268688557449,-0.4937558115680634
0.5400000214576721,9995,2.131426914928052,21.062144592572558,-22.15947781257165,20.095719940001395,-0.49361288362628686
0.5450000166893005,9995,2.1331543571040914,21.116186060856183,-22.29925937376,20.14559858928022,-0.49505411686652034
0.550000011920929,9995,2.1341008230552605,21.18100371680519,-22.41673651831333,20.207816105102843,-0.49591919401146706
